pic.0380.jpg,0.0000,0.0000,0.0000,0.0000,0.0000,0.0000,0.0000,0.0000,0.0000
pic.0394.jpg,0.0000,0.0000,0.0000,0.0000,0.0000,0.0000,0.0000,0.0000,0.0000
pic.1061.jpg,0.0000,0.0000,0.0000,0.0000,0.0000,0.0000,0.0000,0.0000,0.0000
pic.0419.jpg,0.0000,0.0000,0.0000,0.0000,0.0000,0.0000,0.0000,0.0000,0.0000
pic.1075.jpg,0.0007,0.7788,0.2415,0.0000,0.0003,0.3770,2.2000,0.3818,0.7283
pic.0343.jpg,0.0301,0.5162,0.5030,0.0089,0.0019,0.5805,2.1681,0.3482,0.6971
pic.0425.jpg,0.0471,0.6932,0.8648,0.0037,0.0060,0.5305,1.0242,0.5778,0.8075
pic.0431.jpg,0.0002,0.7430,0.2010,0.0000,0.0000,0.7863,1.1111,0.5667,0.9273
pic.1049.jpg,0.0000,0.0000,0.0000,0.0000,0.0000,0.0000,0.0000,0.0000,0.0000
pic.0357.jpg,0.0000,0.0000,0.0000,0.0000,0.0000,0.0000,0.0000,0.0000,0.0000
pic.0800.jpg,0.0000,0.0000,0.0000,0.0000,0.0000,0.0000,0.0000,0.0000,0.0000
pic.0814.jpg,0.0043,0.6216,0.5750,0.0004,0.0011,0.6570,1.0492,0.3349,0.5949
pic.0182.jpg,0.0024,0.9202,0.4771,0.0006,0.0007,0.1628,1.2553,0.2490,0.5947
pic.0196.jpg,0.0051,0.0394,0.2631,0.0007,0.0005,0.1716,1.4800,0.4203,0.7547
pic.0828.jpg,0.0001,0.9563,0.0566,0.0000,0.0000,0.5250,1.0000,0.4898,0.9231
pic.0169.jpg,0.0012,0.9766,0.6094,0.0002,0.0001,0.1920,1.3913,0.4946,0.8311
pic.0627.jpg,0.0002,0.6282,0.6042,0.0000,0.0000,0.2797,1.1000,0.4909,0.9474
pic.0141.jpg,0.0000,0.0000,0.0000,0.0000,0.0000,0.0000,0.0000,0.0000,0.0000
pic.0155.jpg,0.0000,0.0000,0.0000,0.0000,0.0000,0.0000,0.0000,0.0000,0.0000
pic.0633.jpg,0.0000,0.0000,0.0000,0.0000,0.0000,0.0000,0.0000,0.0000,0.0000
pic.0974.jpg,0.0000,0.0000,0.0000,0.0000,0.0000,0.0000,0.0000,0.0000,0.0000
pic.0960.jpg,0.0001,0.3088,0.9577,0.0000,0.0000,0.7159,1.0000,0.5391,0.9452
pic.0948.jpg,0.0000,0.0000,0.0000,0.0000,0.0000,0.0000,0.0000,0.0000,0.0000
pic.0790.jpg,0.0000,0.0000,0.0000,0.0000,0.0000,0.0000,0.0000,0.0000,0.0000
pic.0784.jpg,0.0003,0.1466,0.2283,0.0000,0.0000,0.4724,1.1538,0.4154,0.8617
pic.0009.jpg,0.0000,0.0000,0.0000,0.0000,0.0000,0.0000,0.0000,0.0000,0.0000
pic.0753.jpg,0.0007,0.7746,0.5486,0.0002,0.0000,0.6661,2.4615,0.4399,0.8592
pic.0035.jpg,0.0097,0.4502,0.7980,0.0048,0.0003,0.0708,3.9000,0.4744,0.5969
pic.0021.jpg,0.0000,0.0000,0.0000,0.0000,0.0000,0.0000,0.0000,0.0000,0.0000
pic.0747.jpg,0.0000,0.0000,0.0000,0.0000,0.0000,0.0000,0.0000,0.0000,0.0000
pic.0592.jpg,0.0000,0.0000,0.0000,0.0000,0.0000,0.0000,0.0000,0.0000,0.0000
pic.0586.jpg,0.0011,0.0454,0.8498,0.0003,0.0000,0.4331,3.0000,0.4696,0.7180
pic.0579.jpg,0.0000,0.0000,0.0000,0.0000,0.0000,0.0000,0.0000,0.0000,0.0000
pic.1101.jpg,0.0000,0.0000,0.0000,0.0000,0.0000,0.0000,0.0000,0.0000,0.0000
pic.0237.jpg,0.0234,0.7016,0.1656,0.0010,0.0098,0.2014,2.0208,0.4022,0.9272
pic.0551.jpg,0.0000,0.0000,0.0000,0.0000,0.0000,0.0000,0.0000,0.0000,0.0000
pic.0545.jpg,0.0715,0.0835,0.4832,0.0017,0.0533,0.2594,4.2626,0.5485,0.6231
pic.0223.jpg,0.0015,0.5683,0.0150,0.0005,0.0001,0.1649,3.3750,0.4861,0.7155
pic.0544.jpg,0.0000,0.0000,0.0000,0.0000,0.0000,0.0000,0.0000,0.0000,0.0000
pic.0222.jpg,0.0020,0.6583,0.2709,0.0005,0.0002,0.6719,1.5758,0.3325,0.5295
pic.0236.jpg,0.0370,0.9066,0.8644,0.0030,0.0052,0.6055,1.2101,0.6984,0.7599
pic.0550.jpg,0.0000,0.0000,0.0000,0.0000,0.0000,0.0000,0.0000,0.0000,0.0000
pic.0578.jpg,0.0000,0.0000,0.0000,0.0000,0.0000,0.0000,0.0000,0.0000,0.0000
pic.1100.jpg,0.0000,0.0000,0.0000,0.0000,0.0000,0.0000,0.0000,0.0000,0.0000
pic.0587.jpg,0.0000,0.0000,0.0000,0.0000,0.0000,0.0000,0.0000,0.0000,0.0000
pic.0593.jpg,0.0000,0.0000,0.0000,0.0000,0.0000,0.0000,0.0000,0.0000,0.0000
pic.0020.jpg,0.0056,0.7663,0.7097,0.0030,0.0002,0.2204,3.6389,0.3547,0.4993
pic.0746.jpg,0.0000,0.0000,0.0000,0.0000,0.0000,0.0000,0.0000,0.0000,0.0000
pic.0752.jpg,0.0000,0.0000,0.0000,0.0000,0.0000,0.0000,0.0000,0.0000,0.0000
pic.0034.jpg,0.0000,0.0000,0.0000,0.0000,0.0000,0.0000,0.0000,0.0000,0.0000
pic.0008.jpg,0.0000,0.0000,0.0000,0.0000,0.0000,0.0000,0.0000,0.0000,0.0000
pic.0785.jpg,0.0000,0.0000,0.0000,0.0000,0.0000,0.0000,0.0000,0.0000,0.0000
pic.0791.jpg,0.0000,0.0000,0.0000,0.0000,0.0000,0.0000,0.0000,0.0000,0.0000
pic.0949.jpg,0.0000,0.0000,0.0000,0.0000,0.0000,0.0000,0.0000,0.0000,0.0000
pic.0961.jpg,0.0000,0.0000,0.0000,0.0000,0.0000,0.0000,0.0000,0.0000,0.0000
pic.0975.jpg,0.0000,0.0000,0.0000,0.0000,0.0000,0.0000,0.0000,0.0000,0.0000
pic.0154.jpg,0.0010,0.5293,0.5000,0.0003,0.0000,0.5027,2.3750,0.4893,0.8218
pic.0632.jpg,0.0000,0.0000,0.0000,0.0000,0.0000,0.0000,0.0000,0.0000,0.0000
pic.0626.jpg,0.0000,0.0000,0.0000,0.0000,0.0000,0.0000,0.0000,0.0000,0.0000
pic.0140.jpg,0.0000,0.0000,0.0000,0.0000,0.0000,0.0000,0.0000,0.0000,0.0000
pic.0168.jpg,0.0002,0.2613,0.5523,0.0000,0.0000,0.1100,1.2222,0.5606,0.9407
pic.0197.jpg,0.0693,0.5931,0.6683,0.0259,0.0153,0.3256,1.4807,0.1852,0.5248
pic.0829.jpg,0.0007,0.8586,0.4277,0.0000,0.0001,0.6617,1.1176,0.6347,0.9491
pic.0183.jpg,0.0003,0.1393,0.7339,0.0000,0.0000,0.1616,1.3000,0.5385,0.9333
pic.0815.jpg,0.0000,0.0000,0.0000,0.0000,0.0000,0.0000,0.0000,0.0000,0.0000
pic.0801.jpg,0.0009,0.2545,0.6138,0.0001,0.0002,0.1145,1.2083,0.3707,0.6270
pic.0430.jpg,0.0000,0.0000,0.0000,0.0000,0.0000,0.0000,0.0000,0.0000,0.0000
pic.0356.jpg,0.0000,0.0000,0.0000,0.0000,0.0000,0.0000,0.0000,0.0000,0.0000
pic.1048.jpg,0.0010,0.7975,0.6682,0.0002,0.0001,0.1847,1.2917,0.3925,0.6554
pic.0342.jpg,0.0346,0.4446,0.5485,0.0103,0.0023,0.1446,1.9915,0.4012,0.5425
pic.0424.jpg,0.0012,0.5594,0.7413,0.0002,0.0001,0.7245,2.0000,0.5900,0.8297
pic.1074.jpg,0.0001,0.7484,0.9961,0.0000,0.0000,0.3724,1.7500,0.4286,0.9231
pic.1060.jpg,0.0073,0.6204,0.1019,0.0007,0.0008,0.1368,1.1029,0.4451,0.6978
pic.0418.jpg,0.0000,0.0000,0.0000,0.0000,0.0000,0.0000,0.0000,0.0000,0.0000
pic.0395.jpg,0.0056,0.8053,0.1584,0.0021,0.0002,0.2824,3.7241,0.5441,0.7672
pic.0381.jpg,0.0023,0.7167,0.0372,0.0001,0.0005,0.3372,1.7200,0.6474,0.8766
pic.0397.jpg,0.0795,0.2323,0.1034,0.0117,0.0042,0.1368,2.1760,0.7676,0.9268
pic.1089.jpg,0.0000,0.0000,0.0000,0.0000,0.0000,0.0000,0.0000,0.0000,0.0000
pic.0383.jpg,0.0000,0.0000,0.0000,0.0000,0.0000,0.0000,0.0000,0.0000,0.0000
pic.1076.jpg,0.0000,0.0000,0.0000,0.0000,0.0000,0.0000,0.0000,0.0000,0.0000
pic.0368.jpg,0.0000,0.0000,0.0000,0.0000,0.0000,0.0000,0.0000,0.0000,0.0000
pic.1062.jpg,0.0000,0.0000,0.0000,0.0000,0.0000,0.0000,0.0000,0.0000,0.0000
pic.0354.jpg,0.0021,0.4789,0.7129,0.0002,0.0002,0.3756,1.4074,0.6326,0.9206
pic.0432.jpg,0.0000,0.0000,0.0000,0.0000,0.0000,0.0000,0.0000,0.0000,0.0000
pic.0426.jpg,0.0000,0.0000,0.0000,0.0000,0.0000,0.0000,0.0000,0.0000,0.0000
pic.0340.jpg,0.0000,0.0000,0.0000,0.0000,0.0000,0.0000,0.0000,0.0000,0.0000
pic.0817.jpg,0.0000,0.0000,0.0000,0.0000,0.0000,0.0000,0.0000,0.0000,0.0000
pic.0803.jpg,0.0058,0.0315,0.7156,0.0004,0.0007,0.2487,1.1154,0.6025,0.9273
pic.0195.jpg,0.0024,0.3132,0.5060,0.0004,0.0001,0.2366,2.0800,0.5550,0.8365
pic.0181.jpg,0.0010,0.2562,0.9238,0.0001,0.0001,0.4817,1.4737,0.5583,0.8319
pic.0618.jpg,0.0000,0.0000,0.0000,0.0000,0.0000,0.0000,0.0000,0.0000,0.0000
pic.0630.jpg,0.0000,0.0000,0.0000,0.0000,0.0000,0.0000,0.0000,0.0000,0.0000
pic.0156.jpg,0.0000,0.0000,0.0000,0.0000,0.0000,0.0000,0.0000,0.0000,0.0000
pic.0142.jpg,0.0032,0.5826,0.7196,0.0007,0.0007,0.7367,1.1607,0.2530,0.4068
pic.0624.jpg,0.0000,0.0000,0.0000,0.0000,0.0000,0.0000,0.0000,0.0000,0.0000
pic.0963.jpg,0.0000,0.0000,0.0000,0.0000,0.0000,0.0000,0.0000,0.0000,0.0000
pic.0977.jpg,0.0000,0.0000,0.0000,0.0000,0.0000,0.0000,0.0000,0.0000,0.0000
pic.0787.jpg,0.0000,0.0000,0.0000,0.0000,0.0000,0.0000,0.0000,0.0000,0.0000
pic.0793.jpg,0.0028,0.3857,0.4333,0.0009,0.0003,0.2429,1.9167,0.3249,0.5497
pic.0778.jpg,0.0000,0.0000,0.0000,0.0000,0.0000,0.0000,0.0000,0.0000,0.0000
pic.0744.jpg,0.0001,0.9688,0.6504,0.0000,0.0000,0.7181,1.0000,0.4898,0.9231
pic.0022.jpg,0.0000,0.0000,0.0000,0.0000,0.0000,0.0000,0.0000,0.0000,0.0000
pic.0036.jpg,0.0004,0.9663,0.9747,0.0001,0.0001,0.3876,1.2941,0.3128,0.8764
pic.0750.jpg,0.0000,0.0000,0.0000,0.0000,0.0000,0.0000,0.0000,0.0000,0.0000
pic.0988.jpg,0.0000,0.0000,0.0000,0.0000,0.0000,0.0000,0.0000,0.0000,0.0000
pic.0585.jpg,0.0027,0.2541,0.2176,0.0001,0.0006,0.1181,2.1818,0.7921,0.9511
pic.0591.jpg,0.0000,0.0000,0.0000,0.0000,0.0000,0.0000,0.0000,0.0000,0.0000
pic.1102.jpg,0.0000,0.0000,0.0000,0.0000,0.0000,0.0000,0.0000,0.0000,0.0000
pic.0208.jpg,0.0105,0.5665,0.0988,0.0012,0.0011,0.4061,1.1125,0.4643,0.7426
pic.0220.jpg,0.0020,0.2300,0.5518,0.0001,0.0003,0.2590,1.0588,0.4951,0.8032
pic.0546.jpg,0.0007,0.1217,0.3271,0.0001,0.0001,0.3340,1.1667,0.2961,0.6430
pic.0552.jpg,0.5718,0.6281,0.3706,0.0740,0.0743,0.3040,1.2500,0.5845,0.7210
pic.0234.jpg,0.0000,0.0000,0.0000,0.0000,0.0000,0.0000,0.0000,0.0000,0.0000
pic.0553.jpg,0.0056,0.6785,0.2918,0.0006,0.0004,0.3211,1.3636,0.6650,0.8959
pic.0235.jpg,0.0000,0.0000,0.0000,0.0000,0.0000,0.0000,0.0000,0.0000,0.0000
pic.0221.jpg,0.0000,0.0000,0.0000,0.0000,0.0000,0.0000,0.0000,0.0000,0.0000
pic.0547.jpg,0.0000,0.0000,0.0000,0.0000,0.0000,0.0000,0.0000,0.0000,0.0000
pic.0209.jpg,0.0000,0.0000,0.0000,0.0000,0.0000,0.0000,0.0000,0.0000,0.0000
pic.1103.jpg,0.0000,0.0000,0.0000,0.0000,0.0000,0.0000,0.0000,0.0000,0.0000
pic.0590.jpg,0.0000,0.0000,0.0000,0.0000,0.0000,0.0000,0.0000,0.0000,0.0000
pic.0584.jpg,0.0000,0.0000,0.0000,0.0000,0.0000,0.0000,0.0000,0.0000,0.0000
pic.0037.jpg,0.0000,0.0000,0.0000,0.0000,0.0000,0.0000,0.0000,0.0000,0.0000
pic.0989.jpg,0.0003,0.2896,0.9677,0.0000,0.0000,0.6526,1.3333,0.6296,0.9510
pic.0751.jpg,0.0000,0.0000,0.0000,0.0000,0.0000,0.0000,0.0000,0.0000,0.0000
pic.0745.jpg,0.0000,0.0000,0.0000,0.0000,0.0000,0.0000,0.0000,0.0000,0.0000
pic.0023.jpg,0.0000,0.0000,0.0000,0.0000,0.0000,0.0000,0.0000,0.0000,0.0000
pic.0779.jpg,0.0000,0.0000,0.0000,0.0000,0.0000,0.0000,0.0000,0.0000,0.0000
pic.0792.jpg,0.0000,0.0000,0.0000,0.0000,0.0000,0.0000,0.0000,0.0000,0.0000
pic.0786.jpg,0.0000,0.0000,0.0000,0.0000,0.0000,0.0000,0.0000,0.0000,0.0000
pic.0976.jpg,0.0000,0.0000,0.0000,0.0000,0.0000,0.0000,0.0000,0.0000,0.0000
pic.0962.jpg,0.0000,0.0000,0.0000,0.0000,0.0000,0.0000,0.0000,0.0000,0.0000
pic.0143.jpg,0.0000,0.0000,0.0000,0.0000,0.0000,0.0000,0.0000,0.0000,0.0000
pic.0625.jpg,0.0000,0.0000,0.0000,0.0000,0.0000,0.0000,0.0000,0.0000,0.0000
pic.0631.jpg,0.0038,0.0241,0.9545,0.0002,0.0007,0.4752,1.4706,0.6929,0.9276
pic.0157.jpg,0.0000,0.0000,0.0000,0.0000,0.0000,0.0000,0.0000,0.0000,0.0000
pic.0619.jpg,0.0000,0.0000,0.0000,0.0000,0.0000,0.0000,0.0000,0.0000,0.0000
pic.0180.jpg,0.0003,0.5461,0.7170,0.0000,0.0000,0.0175,1.3333,0.6481,0.8974
pic.0194.jpg,0.0000,0.0000,0.0000,0.0000,0.0000,0.0000,0.0000,0.0000,0.0000
pic.0802.jpg,0.0000,0.0000,0.0000,0.0000,0.0000,0.0000,0.0000,0.0000,0.0000
pic.0816.jpg,0.0002,0.4541,0.9441,0.0000,0.0000,0.6101,1.2500,0.6062,0.9604
pic.0427.jpg,0.0000,0.0000,0.0000,0.0000,0.0000,0.0000,0.0000,0.0000,0.0000
pic.0341.jpg,0.0027,0.3988,0.5074,0.0002,0.0007,0.2422,1.7188,0.4494,0.6781
pic.0355.jpg,0.0066,0.0264,0.1801,0.0003,0.0014,0.3755,1.8780,0.6467,0.8492
pic.0433.jpg,0.0000,0.0000,0.0000,0.0000,0.0000,0.0000,0.0000,0.0000,0.0000
pic.1063.jpg,0.0001,0.2133,0.7910,0.0000,0.0000,0.7232,1.1429,0.5357,0.9375
pic.0369.jpg,0.0000,0.0000,0.0000,0.0000,0.0000,0.0000,0.0000,0.0000,0.0000
pic.1077.jpg,0.0000,0.0000,0.0000,0.0000,0.0000,0.0000,0.0000,0.0000,0.0000
pic.0382.jpg,0.0069,0.6689,0.1052,0.0002,0.0020,0.3982,2.3333,0.5214,0.7935
pic.1088.jpg,0.0000,0.0000,0.0000,0.0000,0.0000,0.0000,0.0000,0.0000,0.0000
pic.0396.jpg,0.0000,0.0000,0.0000,0.0000,0.0000,0.0000,0.0000,0.0000,0.0000
pic.0392.jpg,0.0001,0.0734,0.3193,0.0000,0.0000,0.6153,1.1429,0.5357,0.9375
pic.0386.jpg,0.0000,0.0000,0.0000,0.0000,0.0000,0.0000,0.0000,0.0000,0.0000
pic.1098.jpg,0.0005,0.7366,0.3463,0.0001,0.0001,0.6184,1.3750,0.3991,0.7784
pic.0437.jpg,0.0014,0.4699,0.3845,0.0002,0.0003,0.5809,1.0857,0.3173,0.7815
pic.0351.jpg,0.0023,0.5584,0.6294,0.0003,0.0014,0.3320,1.6279,0.2304,0.7935
pic.0345.jpg,0.0116,0.4918,0.4929,0.0038,0.0006,0.4730,2.5763,0.4038,0.6302
pic.0423.jpg,0.0007,0.9524,0.7077,0.0002,0.0000,0.5908,2.0714,0.5037,0.7688
pic.1073.jpg,0.0222,0.1183,0.3025,0.0071,0.0019,0.7136,1.6857,0.3879,0.4946
pic.1067.jpg,0.0000,0.0000,0.0000,0.0000,0.0000,0.0000,0.0000,0.0000,0.0000
pic.0379.jpg,0.3018,0.1908,0.5201,0.0101,0.0707,0.1174,1.9033,0.7135,0.8265
pic.0190.jpg,0.0004,0.4013,0.4185,0.0000,0.0001,0.4954,1.0714,0.4786,0.8973
pic.0184.jpg,0.0010,0.7726,0.6357,0.0001,0.0001,0.7247,1.0500,0.7024,0.9425
pic.0812.jpg,0.0007,0.6563,0.6234,0.0000,0.0004,0.4078,4.0000,0.5926,0.8240
pic.0806.jpg,0.0009,0.2197,0.5376,0.0002,0.0000,0.7280,3.2727,0.6326,0.8962
pic.0153.jpg,0.0013,0.5240,0.5491,0.0001,0.0003,0.3290,1.5714,0.5779,0.9175
pic.0635.jpg,0.0000,0.0000,0.0000,0.0000,0.0000,0.0000,0.0000,0.0000,0.0000
pic.0621.jpg,0.0000,0.0000,0.0000,0.0000,0.0000,0.0000,0.0000,0.0000,0.0000
pic.0147.jpg,0.0000,0.0000,0.0000,0.0000,0.0000,0.0000,0.0000,0.0000,0.0000
pic.0609.jpg,0.0000,0.0000,0.0000,0.0000,0.0000,0.0000,0.0000,0.0000,0.0000
pic.0782.jpg,0.0459,0.6294,0.1279,0.0108,0.0045,0.1662,1.9779,0.4015,0.6675
pic.0796.jpg,0.0452,0.7062,0.2490,0.0044,0.0052,0.1002,1.3469,0.4977,0.7886
pic.0966.jpg,0.0004,0.8250,0.1855,0.0000,0.0001,0.5093,1.3333,0.5677,0.9437
pic.0972.jpg,0.0012,0.9012,0.5859,0.0001,0.0002,0.3250,1.3636,0.5432,0.9122
pic.0027.jpg,0.0720,0.0912,0.7452,0.0032,0.0182,0.1018,2.0068,0.5614,0.7263
pic.0741.jpg,0.0012,0.4727,0.5019,0.0001,0.0002,0.7675,1.4737,0.6476,0.8559
pic.0999.jpg,0.0009,0.3628,0.9738,0.0001,0.0002,0.1235,1.0741,0.3321,0.8681
pic.0755.jpg,0.0000,0.0000,0.0000,0.0000,0.0000,0.0000,0.0000,0.0000,0.0000
pic.0033.jpg,0.0003,0.9937,0.5658,0.0000,0.0001,0.0595,2.2500,0.6458,0.9841
pic.0769.jpg,0.0548,0.8213,0.4489,0.0081,0.0113,0.1317,1.1857,0.3476,0.6690
pic.0580.jpg,0.0000,0.0000,0.0000,0.0000,0.0000,0.0000,0.0000,0.0000,0.0000
pic.0594.jpg,0.0081,0.2760,0.3199,0.0016,0.0004,0.3393,2.2222,0.5586,0.7463
pic.0543.jpg,0.0008,0.1264,0.7351,0.0001,0.0001,0.3160,1.7647,0.4657,0.7274
pic.0225.jpg,0.0000,0.0000,0.0000,0.0000,0.0000,0.0000,0.0000,0.0000,0.0000
pic.0231.jpg,0.0014,0.6478,0.8151,0.0001,0.0002,0.0196,1.0323,0.3987,0.6675
pic.0557.jpg,0.0000,0.0000,0.0000,0.0000,0.0000,0.0000,0.0000,0.0000,0.0000
pic.0219.jpg,0.0009,0.9679,0.4385,0.0000,0.0002,0.4914,2.3077,0.6808,0.9448
pic.1107.jpg,0.0000,0.0000,0.0000,0.0000,0.0000,0.0000,0.0000,0.0000,0.0000
pic.1106.jpg,0.0004,0.9668,0.0213,0.0000,0.0000,0.6666,1.5455,0.5348,0.8658
pic.0218.jpg,0.4972,0.4960,0.3182,0.0785,0.0391,0.5762,1.6040,0.7504,0.8258
pic.0230.jpg,0.0000,0.0000,0.0000,0.0000,0.0000,0.0000,0.0000,0.0000,0.0000
pic.0556.jpg,0.0000,0.0000,0.0000,0.0000,0.0000,0.0000,0.0000,0.0000,0.0000
pic.0542.jpg,0.0000,0.0000,0.0000,0.0000,0.0000,0.0000,0.0000,0.0000,0.0000
pic.0224.jpg,0.0000,0.0000,0.0000,0.0000,0.0000,0.0000,0.0000,0.0000,0.0000
pic.0595.jpg,0.0000,0.0000,0.0000,0.0000,0.0000,0.0000,0.0000,0.0000,0.0000
pic.0581.jpg,0.0002,0.1497,0.5590,0.0000,0.0000,0.5686,1.0000,0.5741,0.9300
pic.0768.jpg,0.0000,0.0000,0.0000,0.0000,0.0000,0.0000,0.0000,0.0000,0.0000
pic.0754.jpg,0.0000,0.0000,0.0000,0.0000,0.0000,0.0000,0.0000,0.0000,0.0000
pic.0032.jpg,0.0000,0.0000,0.0000,0.0000,0.0000,0.0000,0.0000,0.0000,0.0000
pic.0026.jpg,0.0003,0.3648,0.5164,0.0000,0.0000,0.4002,1.3636,0.5697,0.9171
pic.0998.jpg,0.0022,0.1122,0.7804,0.0002,0.0003,0.6127,1.0571,0.5293,0.8828
pic.0740.jpg,0.0002,0.8033,0.6175,0.0000,0.0000,0.7610,1.4444,0.5385,0.9000
pic.0973.jpg,0.0000,0.0000,0.0000,0.0000,0.0000,0.0000,0.0000,0.0000,0.0000
pic.0967.jpg,0.0000,0.0000,0.0000,0.0000,0.0000,0.0000,0.0000,0.0000,0.0000
pic.0797.jpg,0.0000,0.0000,0.0000,0.0000,0.0000,0.0000,0.0000,0.0000,0.0000
pic.0783.jpg,0.0000,0.0000,0.0000,0.0000,0.0000,0.0000,0.0000,0.0000,0.0000
pic.0608.jpg,0.0410,0.0821,0.5174,0.0012,0.0209,0.2083,2.9897,0.4674,0.6638
pic.0620.jpg,0.0000,0.0000,0.0000,0.0000,0.0000,0.0000,0.0000,0.0000,0.0000
pic.0146.jpg,0.0000,0.0000,0.0000,0.0000,0.0000,0.0000,0.0000,0.0000,0.0000
pic.0152.jpg,0.0003,0.5841,0.1701,0.0001,0.0000,0.1923,2.1250,0.6140,0.8883
pic.0634.jpg,0.0000,0.0000,0.0000,0.0000,0.0000,0.0000,0.0000,0.0000,0.0000
pic.0807.jpg,0.0010,0.6303,0.4233,0.0003,0.0001,0.6074,1.8500,0.3689,0.6749
pic.0813.jpg,0.0000,0.0000,0.0000,0.0000,0.0000,0.0000,0.0000,0.0000,0.0000
pic.0185.jpg,0.0006,0.3425,0.1397,0.0001,0.0001,0.5035,1.1667,0.4048,0.7612
pic.0191.jpg,0.0001,0.1219,0.7627,0.0000,0.0000,0.6635,1.1250,0.4861,0.9211
pic.0378.jpg,0.0710,0.4614,0.2975,0.0324,0.0052,0.0477,2.1538,0.3215,0.4999
pic.1066.jpg,0.0184,0.7710,0.1635,0.0028,0.0032,0.1116,1.0876,0.2861,0.5395
pic.1072.jpg,0.0004,0.4924,0.7682,0.0000,0.0001,0.8199,1.2308,0.5865,0.9531
pic.0344.jpg,0.0239,0.2370,0.2627,0.0050,0.0011,0.0992,2.4177,0.5043,0.9109
pic.0422.jpg,0.0001,0.8172,0.5566,0.0000,0.0000,0.5175,1.0000,0.4898,0.9231
pic.0436.jpg,0.0032,0.2259,0.8074,0.0001,0.0012,0.2474,2.4000,0.6490,0.7742
pic.0350.jpg,0.0101,0.4989,0.6751,0.0005,0.0141,0.2300,3.5763,0.2478,0.7529
pic.1099.jpg,0.0002,0.2457,0.4287,0.0000,0.0000,0.5546,1.5000,0.6042,0.9508
pic.0387.jpg,0.0000,0.0000,0.0000,0.0000,0.0000,0.0000,0.0000,0.0000,0.0000
pic.0393.jpg,0.0000,0.0000,0.0000,0.0000,0.0000,0.0000,0.0000,0.0000,0.0000
pic.0385.jpg,0.0000,0.0000,0.0000,0.0000,0.0000,0.0000,0.0000,0.0000,0.0000
pic.0391.jpg,0.0000,0.0000,0.0000,0.0000,0.0000,0.0000,0.0000,0.0000,0.0000
pic.1058.jpg,0.0000,0.0000,0.0000,0.0000,0.0000,0.0000,0.0000,0.0000,0.0000
pic.0346.jpg,0.0270,0.7496,0.1450,0.0168,0.0051,0.1434,1.6994,0.1891,0.4952
pic.0352.jpg,0.0085,0.4707,0.0744,0.0007,0.0020,0.2815,1.1205,0.3426,0.7386
pic.0434.jpg,0.0004,0.5398,0.6015,0.0000,0.0000,0.1007,1.5000,0.5509,0.9154
pic.1064.jpg,0.0000,0.0000,0.0000,0.0000,0.0000,0.0000,0.0000,0.0000,0.0000
pic.1070.jpg,0.0002,0.1571,0.8275,0.0000,0.0000,0.7317,1.0000,0.5850,0.9435
pic.0408.jpg,0.0000,0.0000,0.0000,0.0000,0.0000,0.0000,0.0000,0.0000,0.0000
pic.0187.jpg,0.0000,0.0000,0.0000,0.0000,0.0000,0.0000,0.0000,0.0000,0.0000
pic.0839.jpg,0.0000,0.0000,0.0000,0.0000,0.0000,0.0000,0.0000,0.0000,0.0000
pic.0193.jpg,0.0000,0.0000,0.0000,0.0000,0.0000,0.0000,0.0000,0.0000,0.0000
pic.0805.jpg,0.0003,0.5115,0.7374,0.0000,0.0001,0.3003,2.0000,0.5859,0.8982
pic.0811.jpg,0.0000,0.0000,0.0000,0.0000,0.0000,0.0000,0.0000,0.0000,0.0000
pic.0144.jpg,0.0001,0.3781,0.1055,0.0000,0.0000,0.5684,1.0000,0.4898,0.9231
pic.0622.jpg,0.0000,0.0000,0.0000,0.0000,0.0000,0.0000,0.0000,0.0000,0.0000
pic.0636.jpg,0.0000,0.0000,0.0000,0.0000,0.0000,0.0000,0.0000,0.0000,0.0000
pic.0150.jpg,0.0000,0.0000,0.0000,0.0000,0.0000,0.0000,0.0000,0.0000,0.0000
pic.0178.jpg,0.0051,0.4618,0.4492,0.0001,0.0023,0.0701,2.9062,0.5200,0.6663
pic.0795.jpg,0.0003,0.1945,0.0376,0.0000,0.0000,0.2794,1.1000,0.6636,0.9733
pic.0959.jpg,0.0000,0.0000,0.0000,0.0000,0.0000,0.0000,0.0000,0.0000,0.0000
pic.0781.jpg,0.0000,0.0000,0.0000,0.0000,0.0000,0.0000,0.0000,0.0000,0.0000
pic.0971.jpg,0.0000,0.0000,0.0000,0.0000,0.0000,0.0000,0.0000,0.0000,0.0000
pic.0965.jpg,0.0012,0.1182,0.6367,0.0000,0.0008,0.1664,4.7273,0.6136,0.7941
pic.0030.jpg,0.0000,0.0000,0.0000,0.0000,0.0000,0.0000,0.0000,0.0000,0.0000
pic.0756.jpg,0.0000,0.0000,0.0000,0.0000,0.0000,0.0000,0.0000,0.0000,0.0000
pic.0742.jpg,0.0029,0.5472,0.5475,0.0003,0.0005,0.7608,1.0930,0.4342,0.6338
pic.0024.jpg,0.0000,0.0000,0.0000,0.0000,0.0000,0.0000,0.0000,0.0000,0.0000
pic.0018.jpg,0.0000,0.0000,0.0000,0.0000,0.0000,0.0000,0.0000,0.0000,0.0000
pic.0597.jpg,0.0000,0.0000,0.0000,0.0000,0.0000,0.0000,0.0000,0.0000,0.0000
pic.0583.jpg,0.0000,0.0000,0.0000,0.0000,0.0000,0.0000,0.0000,0.0000,0.0000
pic.0554.jpg,0.0142,0.8220,0.8122,0.0006,0.0069,0.2242,2.2754,0.4125,0.6967
pic.0232.jpg,0.0000,0.0000,0.0000,0.0000,0.0000,0.0000,0.0000,0.0000,0.0000
pic.0226.jpg,0.0000,0.0000,0.0000,0.0000,0.0000,0.0000,0.0000,0.0000,0.0000
pic.0540.jpg,0.0000,0.0000,0.0000,0.0000,0.0000,0.0000,0.0000,0.0000,0.0000
pic.0568.jpg,0.0000,0.0000,0.0000,0.0000,0.0000,0.0000,0.0000,0.0000,0.0000
pic.1104.jpg,0.0000,0.0000,0.0000,0.0000,0.0000,0.0000,0.0000,0.0000,0.0000
pic.1105.jpg,0.0000,0.0000,0.0000,0.0000,0.0000,0.0000,0.0000,0.0000,0.0000
pic.0569.jpg,0.0000,0.0000,0.0000,0.0000,0.0000,0.0000,0.0000,0.0000,0.0000
pic.0227.jpg,0.0089,0.8793,0.0385,0.0014,0.0008,0.2368,1.8246,0.4682,0.8402
pic.0541.jpg,0.0000,0.0000,0.0000,0.0000,0.0000,0.0000,0.0000,0.0000,0.0000
pic.0555.jpg,0.0000,0.0000,0.0000,0.0000,0.0000,0.0000,0.0000,0.0000,0.0000
pic.0233.jpg,0.0003,0.7832,0.9842,0.0000,0.0001,0.6699,1.5455,0.4813,0.7895
pic.0582.jpg,0.0000,0.0000,0.0000,0.0000,0.0000,0.0000,0.0000,0.0000,0.0000
pic.0596.jpg,0.0002,0.9250,0.3632,0.0000,0.0000,0.5627,1.2222,0.5253,0.9286
pic.0019.jpg,0.0000,0.0000,0.0000,0.0000,0.0000,0.0000,0.0000,0.0000,0.0000
pic.0743.jpg,0.0021,0.9549,0.5738,0.0001,0.0004,0.6863,1.0556,0.4496,0.6732
pic.0025.jpg,0.0000,0.0000,0.0000,0.0000,0.0000,0.0000,0.0000,0.0000,0.0000
pic.0031.jpg,0.0000,0.0000,0.0000,0.0000,0.0000,0.0000,0.0000,0.0000,0.0000
pic.0757.jpg,0.0000,0.0000,0.0000,0.0000,0.0000,0.0000,0.0000,0.0000,0.0000
pic.0964.jpg,0.0000,0.0000,0.0000,0.0000,0.0000,0.0000,0.0000,0.0000,0.0000
pic.0970.jpg,0.0000,0.0000,0.0000,0.0000,0.0000,0.0000,0.0000,0.0000,0.0000
pic.0780.jpg,0.0040,0.3654,0.2166,0.0002,0.0011,0.2179,1.6341,0.4368,0.6438
pic.0958.jpg,0.0384,0.2675,0.6082,0.0048,0.0079,0.2022,1.0541,0.3907,0.6169
pic.0794.jpg,0.0000,0.0000,0.0000,0.0000,0.0000,0.0000,0.0000,0.0000,0.0000
pic.0179.jpg,0.0000,0.0000,0.0000,0.0000,0.0000,0.0000,0.0000,0.0000,0.0000
pic.0637.jpg,0.0009,0.1480,0.3845,0.0005,0.0001,0.3253,2.7368,0.2520,0.5950
pic.0151.jpg,0.0072,0.5184,0.8687,0.0095,0.0009,0.1678,3.6885,0.1547,0.7968
pic.0145.jpg,0.0001,0.3781,0.5508,0.0000,0.0000,0.4242,1.0000,0.4898,0.9231
pic.0623.jpg,0.0002,0.6841,0.7711,0.0000,0.0000,0.1165,1.0000,0.5370,0.9560
pic.0810.jpg,0.0000,0.0000,0.0000,0.0000,0.0000,0.0000,0.0000,0.0000,0.0000
pic.0804.jpg,0.0001,0.1203,0.9961,0.0000,0.0000,0.1636,1.7500,0.4286,0.9231
pic.0192.jpg,0.0000,0.0000,0.0000,0.0000,0.0000,0.0000,0.0000,0.0000,0.0000
pic.0186.jpg,0.0203,0.7111,0.7940,0.0006,0.0087,0.5460,2.5921,0.4254,0.6486
pic.0838.jpg,0.0003,0.7359,0.6699,0.0000,0.0001,0.5504,1.3636,0.4970,0.8367
pic.1071.jpg,0.0057,0.2787,0.0389,0.0005,0.0005,0.6018,1.2955,0.7466,0.8748
pic.0409.jpg,0.0000,0.0000,0.0000,0.0000,0.0000,0.0000,0.0000,0.0000,0.0000
pic.1065.jpg,0.0000,0.0000,0.0000,0.0000,0.0000,0.0000,0.0000,0.0000,0.0000
pic.0353.jpg,0.0137,0.5772,0.4761,0.0007,0.0232,0.2257,3.7703,0.2030,0.6179
pic.0435.jpg,0.0000,0.0000,0.0000,0.0000,0.0000,0.0000,0.0000,0.0000,0.0000
pic.0421.jpg,0.0000,0.0000,0.0000,0.0000,0.0000,0.0000,0.0000,0.0000,0.0000
pic.0347.jpg,0.0200,0.4999,0.4921,0.0017,0.0017,0.3093,1.2604,0.5571,0.8502
pic.1059.jpg,0.0076,0.2552,0.6364,0.0021,0.0031,0.5286,1.1712,0.1576,0.3650
pic.0390.jpg,0.0006,0.7807,0.9403,0.0001,0.0000,0.5567,1.4667,0.5061,0.8520
pic.0384.jpg,0.0000,0.0000,0.0000,0.0000,0.0000,0.0000,0.0000,0.0000,0.0000
pic.0485.jpg,0.0000,0.0000,0.0000,0.0000,0.0000,0.0000,0.0000,0.0000,0.0000
pic.0491.jpg,0.0000,0.0000,0.0000,0.0000,0.0000,0.0000,0.0000,0.0000,0.0000
pic.1002.jpg,0.0038,0.9926,0.8682,0.0000,0.0074,0.1512,13.5000,0.5540,0.9020
pic.1016.jpg,0.0000,0.0000,0.0000,0.0000,0.0000,0.0000,0.0000,0.0000,0.0000
pic.0308.jpg,0.0224,0.5122,0.5456,0.0023,0.0030,0.1135,1.0000,0.5502,0.8630
pic.0446.jpg,0.0000,0.0000,0.0000,0.0000,0.0000,0.0000,0.0000,0.0000,0.0000
pic.0320.jpg,0.0526,0.7141,0.1237,0.0070,0.0043,0.2982,2.1066,0.5402,0.8304
pic.0334.jpg,0.0028,0.4596,0.7073,0.0005,0.0003,0.7071,1.1860,0.3668,0.5518
pic.0452.jpg,0.0012,0.5468,0.5361,0.0002,0.0002,0.4533,1.0667,0.3562,0.5221
pic.0863.jpg,0.0000,0.0000,0.0000,0.0000,0.0000,0.0000,0.0000,0.0000,0.0000
pic.0877.jpg,0.0000,0.0000,0.0000,0.0000,0.0000,0.0000,0.0000,0.0000,0.0000
pic.0687.jpg,0.0000,0.0000,0.0000,0.0000,0.0000,0.0000,0.0000,0.0000,0.0000
pic.0693.jpg,0.0000,0.0000,0.0000,0.0000,0.0000,0.0000,0.0000,0.0000,0.0000
pic.0678.jpg,0.0000,0.0000,0.0000,0.0000,0.0000,0.0000,0.0000,0.0000,0.0000
pic.0122.jpg,0.0000,0.0000,0.0000,0.0000,0.0000,0.0000,0.0000,0.0000,0.0000
pic.0644.jpg,0.0000,0.0000,0.0000,0.0000,0.0000,0.0000,0.0000,0.0000,0.0000
pic.0888.jpg,0.0001,0.2313,0.3184,0.0000,0.0000,0.4578,1.0000,0.4898,0.9231
pic.0650.jpg,0.0110,0.8566,0.0872,0.0008,0.0038,0.0979,1.5467,0.3916,0.6562
pic.0136.jpg,0.0002,0.4507,0.9462,0.0000,0.0000,0.7532,1.2500,0.5375,0.9247
pic.0917.jpg,0.0018,0.4829,0.2666,0.0002,0.0002,0.6361,1.6400,0.5298,0.8765
pic.0903.jpg,0.0000,0.0000,0.0000,0.0000,0.0000,0.0000,0.0000,0.0000,0.0000
pic.0095.jpg,0.0000,0.0000,0.0000,0.0000,0.0000,0.0000,0.0000,0.0000,0.0000
pic.0081.jpg,0.0000,0.0000,0.0000,0.0000,0.0000,0.0000,0.0000,0.0000,0.0000
pic.0718.jpg,0.0000,0.0000,0.0000,0.0000,0.0000,0.0000,0.0000,0.0000,0.0000
pic.0056.jpg,0.0000,0.0000,0.0000,0.0000,0.0000,0.0000,0.0000,0.0000,0.0000
pic.0730.jpg,0.0000,0.0000,0.0000,0.0000,0.0000,0.0000,0.0000,0.0000,0.0000
pic.0724.jpg,0.0000,0.0000,0.0000,0.0000,0.0000,0.0000,0.0000,0.0000,0.0000
pic.0042.jpg,0.0008,0.9736,0.2102,0.0002,0.0000,0.1708,2.6154,0.4729,0.7947
pic.0297.jpg,0.0003,0.9705,0.0144,0.0000,0.0001,0.2502,1.7778,0.6215,0.9275
pic.0283.jpg,0.0000,0.0000,0.0000,0.0000,0.0000,0.0000,0.0000,0.0000,0.0000
pic.0268.jpg,0.0000,0.0000,0.0000,0.0000,0.0000,0.0000,0.0000,0.0000,0.0000
pic.0532.jpg,0.0003,0.9952,0.7583,0.0000,0.0001,0.2199,3.1667,0.5965,0.9577
pic.0254.jpg,0.0000,0.0000,0.0000,0.0000,0.0000,0.0000,0.0000,0.0000,0.0000
pic.0240.jpg,0.0000,0.0000,0.0000,0.0000,0.0000,0.0000,0.0000,0.0000,0.0000
pic.0526.jpg,0.0000,0.0000,0.0000,0.0000,0.0000,0.0000,0.0000,0.0000,0.0000
pic.0241.jpg,0.0000,0.0000,0.0000,0.0000,0.0000,0.0000,0.0000,0.0000,0.0000
pic.0527.jpg,0.0073,0.6348,0.2056,0.0041,0.0001,0.3343,7.8000,0.7101,0.8617
pic.0533.jpg,0.0004,0.3053,0.6398,0.0000,0.0000,0.3135,1.7000,0.6471,0.9322
pic.0255.jpg,0.0010,0.6775,0.4225,0.0002,0.0000,0.5890,2.0625,0.5237,0.7126
pic.0269.jpg,0.0005,0.3320,0.5570,0.0000,0.0001,0.7847,2.1000,0.6881,0.9444
pic.0282.jpg,0.0000,0.0000,0.0000,0.0000,0.0000,0.0000,0.0000,0.0000,0.0000
pic.0296.jpg,0.4420,0.4257,0.5199,0.0472,0.1076,0.0803,1.0605,0.7556,0.9050
pic.0725.jpg,0.0000,0.0000,0.0000,0.0000,0.0000,0.0000,0.0000,0.0000,0.0000
pic.0043.jpg,0.0692,0.8174,0.6497,0.0119,0.0126,0.1359,1.4087,0.3142,0.4892
pic.0057.jpg,0.0000,0.0000,0.0000,0.0000,0.0000,0.0000,0.0000,0.0000,0.0000
pic.0731.jpg,0.0155,0.4914,0.5428,0.0071,0.0011,0.7434,2.8961,0.2767,0.5020
pic.0719.jpg,0.0002,0.5697,0.7751,0.0000,0.0000,0.8822,1.3750,0.6307,0.9652
pic.0080.jpg,0.0743,0.9136,0.2494,0.0025,0.0180,0.1312,2.0331,0.8170,0.8953
pic.0094.jpg,0.0000,0.0000,0.0000,0.0000,0.0000,0.0000,0.0000,0.0000,0.0000
pic.0902.jpg,0.0000,0.0000,0.0000,0.0000,0.0000,0.0000,0.0000,0.0000,0.0000
pic.0916.jpg,0.1393,0.5072,0.1215,0.0643,0.0119,0.3141,2.8525,0.3482,0.4824
pic.0651.jpg,0.0000,0.0000,0.0000,0.0000,0.0000,0.0000,0.0000,0.0000,0.0000
pic.0889.jpg,0.0000,0.0000,0.0000,0.0000,0.0000,0.0000,0.0000,0.0000,0.0000
pic.0137.jpg,0.0000,0.0000,0.0000,0.0000,0.0000,0.0000,0.0000,0.0000,0.0000
pic.0123.jpg,0.0000,0.0000,0.0000,0.0000,0.0000,0.0000,0.0000,0.0000,0.0000
pic.0645.jpg,0.0214,0.7634,0.0586,0.0033,0.0010,0.1742,2.1818,0.7188,0.9499
pic.0679.jpg,0.0000,0.0000,0.0000,0.0000,0.0000,0.0000,0.0000,0.0000,0.0000
pic.0692.jpg,0.0000,0.0000,0.0000,0.0000,0.0000,0.0000,0.0000,0.0000,0.0000
pic.0686.jpg,0.0000,0.0000,0.0000,0.0000,0.0000,0.0000,0.0000,0.0000,0.0000
pic.0876.jpg,0.0011,0.7485,0.5017,0.0001,0.0001,0.8015,1.5789,0.5912,0.8810
pic.0862.jpg,0.0000,0.0000,0.0000,0.0000,0.0000,0.0000,0.0000,0.0000,0.0000
pic.0335.jpg,0.0002,0.4304,0.7989,0.0000,0.0000,0.6512,1.1000,0.5909,0.9630
pic.0453.jpg,0.0001,0.8224,0.4720,0.0000,0.0000,0.6671,1.0000,0.5391,0.9452
pic.0447.jpg,0.0000,0.0000,0.0000,0.0000,0.0000,0.0000,0.0000,0.0000,0.0000
pic.0321.jpg,0.0001,0.9965,0.3037,0.0000,0.0000,0.2375,2.0000,0.4688,0.9375
pic.0309.jpg,0.0328,0.4315,0.5658,0.0037,0.0063,0.1876,1.0336,0.5571,0.8774
pic.1017.jpg,0.0000,0.0000,0.0000,0.0000,0.0000,0.0000,0.0000,0.0000,0.0000
pic.1003.jpg,0.0055,0.5732,0.6904,0.0027,0.0028,0.1543,1.1845,0.1339,0.8287
pic.0490.jpg,0.0000,0.0000,0.0000,0.0000,0.0000,0.0000,0.0000,0.0000,0.0000
pic.0484.jpg,0.0000,0.0000,0.0000,0.0000,0.0000,0.0000,0.0000,0.0000,0.0000
pic.0492.jpg,0.0000,0.0000,0.0000,0.0000,0.0000,0.0000,0.0000,0.0000,0.0000
pic.0486.jpg,0.0000,0.0000,0.0000,0.0000,0.0000,0.0000,0.0000,0.0000,0.0000
pic.1015.jpg,0.0013,0.0109,0.0665,0.0000,0.0008,0.5818,2.9412,0.4129,0.5489
pic.1001.jpg,0.0000,0.0000,0.0000,0.0000,0.0000,0.0000,0.0000,0.0000,0.0000
pic.0479.jpg,0.0023,0.1534,0.9374,0.0002,0.0003,0.4394,1.1111,0.4882,0.8674
pic.0451.jpg,0.0010,0.5533,0.4617,0.0001,0.0001,0.6444,1.0870,0.4887,0.8363
pic.1029.jpg,0.0000,0.0000,0.0000,0.0000,0.0000,0.0000,0.0000,0.0000,0.0000
pic.0337.jpg,0.0005,0.3975,0.5950,0.0001,0.0001,0.2010,1.0556,0.3830,0.7821
pic.0323.jpg,0.1306,0.2479,0.4581,0.0069,0.0589,0.2198,1.8911,0.3598,0.5558
pic.0445.jpg,0.0000,0.0000,0.0000,0.0000,0.0000,0.0000,0.0000,0.0000,0.0000
pic.0874.jpg,0.0007,0.0226,0.6187,0.0001,0.0001,0.6557,1.1000,0.4261,0.8134
pic.0860.jpg,0.0000,0.0000,0.0000,0.0000,0.0000,0.0000,0.0000,0.0000,0.0000
pic.0690.jpg,0.0000,0.0000,0.0000,0.0000,0.0000,0.0000,0.0000,0.0000,0.0000
pic.0848.jpg,0.0000,0.0000,0.0000,0.0000,0.0000,0.0000,0.0000,0.0000,0.0000
pic.0684.jpg,0.0000,0.0000,0.0000,0.0000,0.0000,0.0000,0.0000,0.0000,0.0000
pic.0109.jpg,0.0002,0.0203,0.1672,0.0000,0.0000,0.3330,1.3750,0.5795,0.9273
pic.0135.jpg,0.0154,0.4601,0.5399,0.0009,0.0065,0.8459,1.5591,0.3531,0.5035
pic.0653.jpg,0.0000,0.0000,0.0000,0.0000,0.0000,0.0000,0.0000,0.0000,0.0000
pic.0647.jpg,0.0000,0.0000,0.0000,0.0000,0.0000,0.0000,0.0000,0.0000,0.0000
pic.0121.jpg,0.0000,0.0000,0.0000,0.0000,0.0000,0.0000,0.0000,0.0000,0.0000
pic.0900.jpg,0.0000,0.0000,0.0000,0.0000,0.0000,0.0000,0.0000,0.0000,0.0000
pic.0914.jpg,0.0001,0.9964,0.3213,0.0000,0.0000,0.0749,2.5000,0.5250,0.9545
pic.0082.jpg,0.0378,0.7158,0.4076,0.0016,0.0080,0.2658,1.8469,0.6838,0.8342
pic.0928.jpg,0.0000,0.0000,0.0000,0.0000,0.0000,0.0000,0.0000,0.0000,0.0000
pic.0096.jpg,0.0002,0.1732,0.6002,0.0000,0.0000,0.4334,1.6250,0.5577,0.8788
pic.0069.jpg,0.0114,0.9263,0.5109,0.0019,0.0007,0.1674,1.7460,0.5240,0.8199
pic.0041.jpg,0.0001,0.6256,0.6107,0.0000,0.0000,0.1431,1.0000,0.5391,0.9452
pic.0727.jpg,0.0001,0.3938,0.8770,0.0000,0.0000,0.7563,1.0000,0.4898,0.9231
pic.0733.jpg,0.0000,0.0000,0.0000,0.0000,0.0000,0.0000,0.0000,0.0000,0.0000
pic.0055.jpg,0.0220,0.6626,0.7383,0.0018,0.0039,0.2561,1.1250,0.3789,0.6425
pic.0280.jpg,0.0000,0.0000,0.0000,0.0000,0.0000,0.0000,0.0000,0.0000,0.0000
pic.0294.jpg,0.0000,0.0000,0.0000,0.0000,0.0000,0.0000,0.0000,0.0000,0.0000
pic.0519.jpg,0.0000,0.0000,0.0000,0.0000,0.0000,0.0000,0.0000,0.0000,0.0000
pic.0525.jpg,0.0000,0.0000,0.0000,0.0000,0.0000,0.0000,0.0000,0.0000,0.0000
pic.0243.jpg,0.0000,0.0000,0.0000,0.0000,0.0000,0.0000,0.0000,0.0000,0.0000
pic.0257.jpg,0.0010,0.1445,0.8782,0.0001,0.0003,0.6833,1.2308,0.3311,0.5788
pic.0531.jpg,0.4147,0.6879,0.3837,0.0507,0.0679,0.5367,1.2188,0.4429,0.7707
pic.0256.jpg,0.0040,0.3544,0.8448,0.0011,0.0005,0.7667,1.8043,0.3112,0.5550
pic.0530.jpg,0.0000,0.0000,0.0000,0.0000,0.0000,0.0000,0.0000,0.0000,0.0000
pic.0524.jpg,0.0373,0.5667,0.4782,0.0074,0.0087,0.0428,1.1364,0.3367,0.5841
pic.0242.jpg,0.0021,0.9651,0.4642,0.0001,0.0006,0.0854,2.0000,0.6078,0.8083
pic.0518.jpg,0.0004,0.1855,0.6466,0.0000,0.0000,0.0641,1.0769,0.5357,0.9286
pic.0295.jpg,0.0000,0.0000,0.0000,0.0000,0.0000,0.0000,0.0000,0.0000,0.0000
pic.0281.jpg,0.0000,0.0000,0.0000,0.0000,0.0000,0.0000,0.0000,0.0000,0.0000
pic.0732.jpg,0.0012,0.5758,0.4454,0.0001,0.0001,0.6640,1.1200,0.4971,0.9051
pic.0054.jpg,0.0076,0.2778,0.0650,0.0006,0.0025,0.1304,2.0000,0.4120,0.5797
pic.0040.jpg,0.0000,0.0000,0.0000,0.0000,0.0000,0.0000,0.0000,0.0000,0.0000
pic.0726.jpg,0.0000,0.0000,0.0000,0.0000,0.0000,0.0000,0.0000,0.0000,0.0000
pic.0068.jpg,0.0005,0.5404,0.9406,0.0000,0.0001,0.6403,1.6667,0.5729,0.9167
pic.0929.jpg,0.0000,0.0000,0.0000,0.0000,0.0000,0.0000,0.0000,0.0000,0.0000
pic.0097.jpg,0.0000,0.0000,0.0000,0.0000,0.0000,0.0000,0.0000,0.0000,0.0000
pic.0083.jpg,0.0000,0.0000,0.0000,0.0000,0.0000,0.0000,0.0000,0.0000,0.0000
pic.0915.jpg,0.0000,0.0000,0.0000,0.0000,0.0000,0.0000,0.0000,0.0000,0.0000
pic.0901.jpg,0.0000,0.0000,0.0000,0.0000,0.0000,0.0000,0.0000,0.0000,0.0000
pic.0646.jpg,0.0031,0.7613,0.7186,0.0002,0.0010,0.1813,1.8333,0.4017,0.8958
pic.0120.jpg,0.0016,0.2305,0.2324,0.0000,0.0010,0.4601,3.4375,0.5182,0.7221
pic.0134.jpg,0.0000,0.0000,0.0000,0.0000,0.0000,0.0000,0.0000,0.0000,0.0000
pic.0652.jpg,0.0000,0.0000,0.0000,0.0000,0.0000,0.0000,0.0000,0.0000,0.0000
pic.0108.jpg,0.0000,0.0000,0.0000,0.0000,0.0000,0.0000,0.0000,0.0000,0.0000
pic.0685.jpg,0.0000,0.0000,0.0000,0.0000,0.0000,0.0000,0.0000,0.0000,0.0000
pic.0849.jpg,0.0038,0.7056,0.2872,0.0001,0.0011,0.1907,2.4615,0.6929,0.8828
pic.0691.jpg,0.0000,0.0000,0.0000,0.0000,0.0000,0.0000,0.0000,0.0000,0.0000
pic.0861.jpg,0.0000,0.0000,0.0000,0.0000,0.0000,0.0000,0.0000,0.0000,0.0000
pic.0875.jpg,0.0031,0.3453,0.4234,0.0008,0.0001,0.7814,2.5769,0.5287,0.7017
pic.0322.jpg,0.0000,0.0000,0.0000,0.0000,0.0000,0.0000,0.0000,0.0000,0.0000
pic.0444.jpg,0.0015,0.6955,0.0083,0.0005,0.0000,0.1693,4.0714,0.5201,0.7897
pic.0450.jpg,0.0000,0.0000,0.0000,0.0000,0.0000,0.0000,0.0000,0.0000,0.0000
pic.0336.jpg,0.0033,0.6722,0.4636,0.0001,0.0007,0.3780,1.9630,0.7142,0.9105
pic.1028.jpg,0.0000,0.0000,0.0000,0.0000,0.0000,0.0000,0.0000,0.0000,0.0000
pic.1000.jpg,0.0007,0.9868,0.7805,0.0000,0.0002,0.3292,1.8125,0.4224,0.6901
pic.0478.jpg,0.0000,0.0000,0.0000,0.0000,0.0000,0.0000,0.0000,0.0000,0.0000
pic.1014.jpg,0.0000,0.0000,0.0000,0.0000,0.0000,0.0000,0.0000,0.0000,0.0000
pic.0487.jpg,0.0004,0.7208,0.8763,0.0000,0.0000,0.7194,1.3333,0.5521,0.9177
pic.0493.jpg,0.0000,0.0000,0.0000,0.0000,0.0000,0.0000,0.0000,0.0000,0.0000
pic.0497.jpg,0.0000,0.0000,0.0000,0.0000,0.0000,0.0000,0.0000,0.0000,0.0000
pic.0483.jpg,0.0002,0.9343,0.6674,0.0000,0.0000,0.4435,1.2222,0.5152,0.9273
pic.0332.jpg,0.0003,0.1809,0.0508,0.0000,0.0000,0.5881,1.1818,0.4860,0.9267
pic.0454.jpg,0.0009,0.5104,0.2445,0.0001,0.0000,0.5571,1.7333,0.6538,0.9075
pic.0440.jpg,0.0000,0.0000,0.0000,0.0000,0.0000,0.0000,0.0000,0.0000,0.0000
pic.1038.jpg,0.0000,0.0000,0.0000,0.0000,0.0000,0.0000,0.0000,0.0000,0.0000
pic.0326.jpg,0.0043,0.4542,0.2062,0.0009,0.0003,0.1100,1.8810,0.3951,0.6151
pic.1010.jpg,0.0000,0.0000,0.0000,0.0000,0.0000,0.0000,0.0000,0.0000,0.0000
pic.0468.jpg,0.0188,0.9289,0.0746,0.0018,0.0017,0.3213,1.3140,0.6175,0.8519
pic.1004.jpg,0.0050,0.7272,0.5528,0.0031,0.0001,0.1499,7.5294,0.6893,0.8966
pic.0695.jpg,0.0000,0.0000,0.0000,0.0000,0.0000,0.0000,0.0000,0.0000,0.0000
pic.0681.jpg,0.0000,0.0000,0.0000,0.0000,0.0000,0.0000,0.0000,0.0000,0.0000
pic.0859.jpg,0.0025,0.5961,0.0880,0.0001,0.0010,0.5169,1.9062,0.3791,0.7827
pic.0871.jpg,0.0000,0.0000,0.0000,0.0000,0.0000,0.0000,0.0000,0.0000,0.0000
pic.0865.jpg,0.0000,0.0000,0.0000,0.0000,0.0000,0.0000,0.0000,0.0000,0.0000
pic.0656.jpg,0.0003,0.2576,0.7803,0.0000,0.0001,0.1278,1.2500,0.5000,0.9000
pic.0130.jpg,0.0000,0.0000,0.0000,0.0000,0.0000,0.0000,0.0000,0.0000,0.0000
pic.0124.jpg,0.0004,0.5643,0.2317,0.0000,0.0000,0.7977,1.4167,0.4975,0.8982
pic.0642.jpg,0.0000,0.0000,0.0000,0.0000,0.0000,0.0000,0.0000,0.0000,0.0000
pic.0118.jpg,0.0000,0.0000,0.0000,0.0000,0.0000,0.0000,0.0000,0.0000,0.0000
pic.0939.jpg,0.0000,0.0000,0.0000,0.0000,0.0000,0.0000,0.0000,0.0000,0.0000
pic.0087.jpg,0.0000,0.0000,0.0000,0.0000,0.0000,0.0000,0.0000,0.0000,0.0000
pic.0093.jpg,0.0001,0.5359,0.6006,0.0000,0.0000,0.6062,1.1250,0.4861,0.9211
pic.0905.jpg,0.0000,0.0000,0.0000,0.0000,0.0000,0.0000,0.0000,0.0000,0.0000
pic.0911.jpg,0.0037,0.5508,0.4379,0.0002,0.0013,0.2635,2.2432,0.3627,0.6053
pic.0722.jpg,0.0000,0.0000,0.0000,0.0000,0.0000,0.0000,0.0000,0.0000,0.0000
pic.0044.jpg,0.0039,0.2173,0.6032,0.0006,0.0003,0.3458,2.0556,0.4426,0.7165
pic.0050.jpg,0.0224,0.0742,0.5573,0.0019,0.0021,0.0306,1.0900,0.6792,0.8662
pic.0736.jpg,0.0012,0.0688,0.4880,0.0002,0.0003,0.7761,1.0606,0.3065,0.5794
pic.0078.jpg,0.0002,0.9836,0.9062,0.0000,0.0000,0.0693,1.3333,0.5926,0.9275
pic.0285.jpg,0.0013,0.1133,0.3837,0.0001,0.0001,0.2742,1.0400,0.6069,0.8168
pic.0291.jpg,0.0001,0.0281,0.0332,0.0000,0.0000,0.1947,1.0000,0.4898,0.9231
pic.0246.jpg,0.0468,0.3883,0.5146,0.0070,0.0097,0.3825,1.0040,0.2358,0.4335
pic.0520.jpg,0.0000,0.0000,0.0000,0.0000,0.0000,0.0000,0.0000,0.0000,0.0000
pic.0534.jpg,0.0000,0.0000,0.0000,0.0000,0.0000,0.0000,0.0000,0.0000,0.0000
pic.0252.jpg,0.0024,0.6855,0.0288,0.0002,0.0002,0.4781,1.3226,0.5716,0.8492
pic.0508.jpg,0.0000,0.0000,0.0000,0.0000,0.0000,0.0000,0.0000,0.0000,0.0000
pic.0509.jpg,0.0000,0.0000,0.0000,0.0000,0.0000,0.0000,0.0000,0.0000,0.0000
pic.0535.jpg,0.0000,0.0000,0.0000,0.0000,0.0000,0.0000,0.0000,0.0000,0.0000
pic.0253.jpg,0.0005,0.4377,0.5120,0.0000,0.0000,0.7092,1.2857,0.5516,0.8910
pic.0247.jpg,0.0000,0.0000,0.0000,0.0000,0.0000,0.0000,0.0000,0.0000,0.0000
pic.0521.jpg,0.0000,0.0000,0.0000,0.0000,0.0000,0.0000,0.0000,0.0000,0.0000
pic.0290.jpg,0.0000,0.0000,0.0000,0.0000,0.0000,0.0000,0.0000,0.0000,0.0000
pic.0284.jpg,0.0000,0.0000,0.0000,0.0000,0.0000,0.0000,0.0000,0.0000,0.0000
pic.0079.jpg,0.0000,0.0000,0.0000,0.0000,0.0000,0.0000,0.0000,0.0000,0.0000
pic.0051.jpg,0.0659,0.0612,0.3069,0.0020,0.0373,0.3822,2.4643,0.4404,0.5645
pic.0737.jpg,0.0050,0.5665,0.5688,0.0009,0.0008,0.5031,1.7000,0.3753,0.5383
pic.0723.jpg,0.0000,0.0000,0.0000,0.0000,0.0000,0.0000,0.0000,0.0000,0.0000
pic.0045.jpg,0.0000,0.0000,0.0000,0.0000,0.0000,0.0000,0.0000,0.0000,0.0000
pic.0910.jpg,0.0000,0.0000,0.0000,0.0000,0.0000,0.0000,0.0000,0.0000,0.0000
pic.0904.jpg,0.0000,0.0000,0.0000,0.0000,0.0000,0.0000,0.0000,0.0000,0.0000
pic.0092.jpg,0.0000,0.0000,0.0000,0.0000,0.0000,0.0000,0.0000,0.0000,0.0000
pic.0938.jpg,0.0042,0.8654,0.7998,0.0002,0.0013,0.1787,2.1111,0.4678,0.6805
pic.0086.jpg,0.0000,0.0000,0.0000,0.0000,0.0000,0.0000,0.0000,0.0000,0.0000
pic.0119.jpg,0.0000,0.0000,0.0000,0.0000,0.0000,0.0000,0.0000,0.0000,0.0000
pic.0125.jpg,0.0000,0.0000,0.0000,0.0000,0.0000,0.0000,0.0000,0.0000,0.0000
pic.0643.jpg,0.0000,0.0000,0.0000,0.0000,0.0000,0.0000,0.0000,0.0000,0.0000
pic.0657.jpg,0.0010,0.1615,0.2254,0.0001,0.0001,0.1670,1.0400,0.4231,0.7353
pic.0131.jpg,0.0000,0.0000,0.0000,0.0000,0.0000,0.0000,0.0000,0.0000,0.0000
pic.0864.jpg,0.0000,0.0000,0.0000,0.0000,0.0000,0.0000,0.0000,0.0000,0.0000
pic.0870.jpg,0.0031,0.1001,0.8197,0.0034,0.0000,0.3807,9.3571,0.4798,0.6728
pic.0858.jpg,0.0001,0.3391,0.9219,0.0000,0.0000,0.4738,1.0000,0.4898,0.9231
pic.0680.jpg,0.0000,0.0000,0.0000,0.0000,0.0000,0.0000,0.0000,0.0000,0.0000
pic.0694.jpg,0.0000,0.0000,0.0000,0.0000,0.0000,0.0000,0.0000,0.0000,0.0000
pic.1005.jpg,0.0004,0.5019,0.5789,0.0000,0.0001,0.4766,2.0000,0.5864,0.8261
pic.1011.jpg,0.0000,0.0000,0.0000,0.0000,0.0000,0.0000,0.0000,0.0000,0.0000
pic.0469.jpg,0.0236,0.4927,0.4269,0.0024,0.0022,0.1040,1.3191,0.7212,0.9456
pic.0441.jpg,0.0000,0.0000,0.0000,0.0000,0.0000,0.0000,0.0000,0.0000,0.0000
pic.0327.jpg,0.0327,0.8921,0.0806,0.0045,0.0028,0.2847,1.0448,0.5551,0.6908
pic.1039.jpg,0.0000,0.0000,0.0000,0.0000,0.0000,0.0000,0.0000,0.0000,0.0000
pic.0333.jpg,0.0011,0.3302,0.8701,0.0001,0.0001,0.5929,1.1667,0.4658,0.8471
pic.0455.jpg,0.0000,0.0000,0.0000,0.0000,0.0000,0.0000,0.0000,0.0000,0.0000
pic.0482.jpg,0.0006,0.4945,0.4814,0.0000,0.0001,0.3341,1.2857,0.6865,0.9638
pic.0496.jpg,0.0000,0.0000,0.0000,0.0000,0.0000,0.0000,0.0000,0.0000,0.0000
pic.0480.jpg,0.0063,0.0546,0.9737,0.0015,0.0003,0.2118,2.6757,0.5306,0.9246
pic.0494.jpg,0.0000,0.0000,0.0000,0.0000,0.0000,0.0000,0.0000,0.0000,0.0000
pic.0325.jpg,0.0002,0.0042,0.0116,0.0000,0.0000,0.1431,1.6250,0.5817,0.9237
pic.0443.jpg,0.0000,0.0000,0.0000,0.0000,0.0000,0.0000,0.0000,0.0000,0.0000
pic.0457.jpg,0.0071,0.3878,0.9072,0.0013,0.0013,0.5362,1.2750,0.2734,0.9021
pic.0331.jpg,0.0043,0.8248,0.7604,0.0003,0.0025,0.4302,2.0435,0.2961,0.4884
pic.1007.jpg,0.0000,0.0000,0.0000,0.0000,0.0000,0.0000,0.0000,0.0000,0.0000
pic.0319.jpg,0.0526,0.1697,0.3463,0.0093,0.0043,0.0542,1.4699,0.4232,0.8140
pic.1013.jpg,0.0000,0.0000,0.0000,0.0000,0.0000,0.0000,0.0000,0.0000,0.0000
pic.0682.jpg,0.0000,0.0000,0.0000,0.0000,0.0000,0.0000,0.0000,0.0000,0.0000
pic.0696.jpg,0.0002,0.4722,0.5454,0.0000,0.0000,0.8256,1.2000,0.5208,0.9124
pic.0866.jpg,0.0000,0.0000,0.0000,0.0000,0.0000,0.0000,0.0000,0.0000,0.0000
pic.0872.jpg,0.0000,0.0000,0.0000,0.0000,0.0000,0.0000,0.0000,0.0000,0.0000
pic.0899.jpg,0.0000,0.0000,0.0000,0.0000,0.0000,0.0000,0.0000,0.0000,0.0000
pic.0641.jpg,0.0000,0.0000,0.0000,0.0000,0.0000,0.0000,0.0000,0.0000,0.0000
pic.0127.jpg,0.0002,0.6334,0.7572,0.0000,0.0000,0.2395,1.2500,0.6062,0.9604
pic.0133.jpg,0.0000,0.0000,0.0000,0.0000,0.0000,0.0000,0.0000,0.0000,0.0000
pic.0655.jpg,0.0006,0.1714,0.2142,0.0000,0.0001,0.2436,1.6429,0.5000,0.8278
pic.0669.jpg,0.0208,0.2201,0.5737,0.0120,0.0033,0.2334,1.9597,0.1470,0.4497
pic.0090.jpg,0.0002,0.6641,0.2920,0.0000,0.0000,0.5562,1.1250,0.6111,0.9565
pic.0084.jpg,0.0000,0.0000,0.0000,0.0000,0.0000,0.0000,0.0000,0.0000,0.0000
pic.0912.jpg,0.0000,0.0000,0.0000,0.0000,0.0000,0.0000,0.0000,0.0000,0.0000
pic.0906.jpg,0.0000,0.0000,0.0000,0.0000,0.0000,0.0000,0.0000,0.0000,0.0000
pic.0735.jpg,0.0000,0.0000,0.0000,0.0000,0.0000,0.0000,0.0000,0.0000,0.0000
pic.0053.jpg,0.1947,0.4479,0.8308,0.0539,0.0115,0.2922,2.2695,0.4266,0.6649
pic.0047.jpg,0.0128,0.1348,0.7573,0.0060,0.0002,0.1560,5.9333,0.7498,0.8752
pic.0721.jpg,0.0001,0.6001,0.9943,0.0000,0.0000,0.8435,1.6667,0.5500,0.9706
pic.0709.jpg,0.0000,0.0000,0.0000,0.0000,0.0000,0.0000,0.0000,0.0000,0.0000
pic.0292.jpg,0.0008,0.4684,0.5969,0.0001,0.0001,0.1678,1.5625,0.5550,0.8827
pic.0286.jpg,0.0000,0.0000,0.0000,0.0000,0.0000,0.0000,0.0000,0.0000,0.0000
pic.0251.jpg,0.0000,0.0000,0.0000,0.0000,0.0000,0.0000,0.0000,0.0000,0.0000
pic.0537.jpg,0.0037,0.7986,0.9709,0.0004,0.0003,0.2699,1.4444,0.5972,0.8081
pic.0523.jpg,0.0000,0.0000,0.0000,0.0000,0.0000,0.0000,0.0000,0.0000,0.0000
pic.0245.jpg,0.0159,0.1989,0.0814,0.0030,0.0010,0.2644,2.1884,0.5213,0.7617
pic.0279.jpg,0.0435,0.4639,0.5092,0.0006,0.0303,0.5411,5.1818,0.6740,0.8998
pic.0278.jpg,0.0000,0.0000,0.0000,0.0000,0.0000,0.0000,0.0000,0.0000,0.0000
pic.0522.jpg,0.0005,0.2790,0.2878,0.0000,0.0000,0.0674,1.2143,0.6282,0.9614
pic.0244.jpg,0.0006,0.8277,0.5013,0.0000,0.0001,0.4592,1.1250,0.5469,0.8750
pic.0250.jpg,0.0000,0.0000,0.0000,0.0000,0.0000,0.0000,0.0000,0.0000,0.0000
pic.0536.jpg,0.0029,0.7608,0.9767,0.0003,0.0002,0.1872,1.9200,0.7421,0.9180
pic.0287.jpg,0.0000,0.0000,0.0000,0.0000,0.0000,0.0000,0.0000,0.0000,0.0000
pic.0293.jpg,0.0003,0.4456,0.0964,0.0000,0.0000,0.3240,1.2727,0.6136,0.9545
pic.0708.jpg,0.0000,0.0000,0.0000,0.0000,0.0000,0.0000,0.0000,0.0000,0.0000
pic.0046.jpg,0.0000,0.0000,0.0000,0.0000,0.0000,0.0000,0.0000,0.0000,0.0000
pic.0720.jpg,0.0002,0.6711,0.3340,0.0000,0.0000,0.6911,1.4286,0.5429,0.8636
pic.0734.jpg,0.0003,0.6376,0.6934,0.0000,0.0000,0.6212,1.4000,0.5929,0.8830
pic.0052.jpg,0.1049,0.2673,0.2453,0.0231,0.0055,0.1638,1.8418,0.4794,0.7705
pic.0907.jpg,0.0000,0.0000,0.0000,0.0000,0.0000,0.0000,0.0000,0.0000,0.0000
pic.0913.jpg,0.0021,0.3541,0.6012,0.0002,0.0003,0.1760,1.0278,0.4707,0.7137
pic.0085.jpg,0.0000,0.0000,0.0000,0.0000,0.0000,0.0000,0.0000,0.0000,0.0000
pic.0091.jpg,0.0000,0.0000,0.0000,0.0000,0.0000,0.0000,0.0000,0.0000,0.0000
pic.0668.jpg,0.0000,0.0000,0.0000,0.0000,0.0000,0.0000,0.0000,0.0000,0.0000
pic.0132.jpg,0.0018,0.2594,0.4020,0.0001,0.0005,0.4815,1.8182,0.6182,0.7924
pic.0654.jpg,0.0000,0.0000,0.0000,0.0000,0.0000,0.0000,0.0000,0.0000,0.0000
pic.0640.jpg,0.0000,0.0000,0.0000,0.0000,0.0000,0.0000,0.0000,0.0000,0.0000
pic.0898.jpg,0.0000,0.0000,0.0000,0.0000,0.0000,0.0000,0.0000,0.0000,0.0000
pic.0126.jpg,0.0005,0.6258,0.6959,0.0001,0.0001,0.5785,1.3333,0.2457,0.7153
pic.0873.jpg,0.0023,0.8034,0.1735,0.0001,0.0006,0.6851,1.8000,0.6000,0.7803
pic.0867.jpg,0.0000,0.0000,0.0000,0.0000,0.0000,0.0000,0.0000,0.0000,0.0000
pic.0697.jpg,0.0000,0.0000,0.0000,0.0000,0.0000,0.0000,0.0000,0.0000,0.0000
pic.0683.jpg,0.0000,0.0000,0.0000,0.0000,0.0000,0.0000,0.0000,0.0000,0.0000
pic.1012.jpg,0.0000,0.0000,0.0000,0.0000,0.0000,0.0000,0.0000,0.0000,0.0000
pic.0318.jpg,0.0724,0.2627,0.0639,0.0352,0.0021,0.1711,4.7292,0.5327,0.6523
pic.1006.jpg,0.0004,0.8886,0.0558,0.0000,0.0001,0.8932,1.8182,0.5591,0.8723
pic.0456.jpg,0.0000,0.0000,0.0000,0.0000,0.0000,0.0000,0.0000,0.0000,0.0000
pic.0330.jpg,0.0039,0.2729,0.8611,0.0002,0.0007,0.7348,1.8438,0.6486,0.9330
pic.0324.jpg,0.0738,0.1464,0.6265,0.0099,0.0128,0.2491,1.1865,0.3158,0.5131
pic.0442.jpg,0.0002,0.5278,0.4532,0.0000,0.0000,0.0933,1.3750,0.5795,0.9444
pic.0495.jpg,0.0000,0.0000,0.0000,0.0000,0.0000,0.0000,0.0000,0.0000,0.0000
pic.0481.jpg,0.0000,0.0000,0.0000,0.0000,0.0000,0.0000,0.0000,0.0000,0.0000
pic.0498.jpg,0.0000,0.0000,0.0000,0.0000,0.0000,0.0000,0.0000,0.0000,0.0000
pic.1023.jpg,0.0004,0.0268,0.4638,0.0000,0.0000,0.5578,1.0714,0.5619,0.9516
pic.1037.jpg,0.0000,0.0000,0.0000,0.0000,0.0000,0.0000,0.0000,0.0000,0.0000
pic.0329.jpg,0.0216,0.3445,0.6105,0.0012,0.0047,0.5924,1.7176,0.5529,0.7911
pic.0467.jpg,0.0149,0.4612,0.6458,0.0014,0.0026,0.2572,1.1188,0.4121,0.6306
pic.0301.jpg,0.0000,0.0000,0.0000,0.0000,0.0000,0.0000,0.0000,0.0000,0.0000
pic.0315.jpg,0.1659,0.8018,0.2185,0.0146,0.0210,0.3728,1.1299,0.5229,0.7247
pic.0473.jpg,0.0015,0.8728,0.9613,0.0001,0.0003,0.2112,1.5652,0.5537,0.8578
pic.0842.jpg,0.0266,0.4262,0.7960,0.0088,0.0048,0.2383,1.4296,0.2955,0.5946
pic.0856.jpg,0.0000,0.0000,0.0000,0.0000,0.0000,0.0000,0.0000,0.0000,0.0000
pic.0881.jpg,0.0009,0.4013,0.9581,0.0002,0.0001,0.5924,1.7222,0.4767,0.8622
pic.0659.jpg,0.0000,0.0000,0.0000,0.0000,0.0000,0.0000,0.0000,0.0000,0.0000
pic.0895.jpg,0.0000,0.0000,0.0000,0.0000,0.0000,0.0000,0.0000,0.0000,0.0000
pic.0103.jpg,0.0029,0.1655,0.9116,0.0013,0.0001,0.2285,3.6667,0.4051,0.6503
pic.0665.jpg,0.0042,0.6088,0.6965,0.0002,0.0007,0.5279,1.4054,0.6697,0.8665
pic.0671.jpg,0.0000,0.0000,0.0000,0.0000,0.0000,0.0000,0.0000,0.0000,0.0000
pic.0117.jpg,0.0000,0.0000,0.0000,0.0000,0.0000,0.0000,0.0000,0.0000,0.0000
pic.0088.jpg,0.0014,0.1006,0.7046,0.0001,0.0001,0.1241,1.1818,0.7185,0.9448
pic.0936.jpg,0.0010,0.4028,0.3559,0.0002,0.0000,0.5509,2.1333,0.6365,0.9012
pic.0922.jpg,0.0001,0.3633,0.3037,0.0000,0.0000,0.7617,1.0000,0.5000,0.9412
pic.0739.jpg,0.0000,0.0000,0.0000,0.0000,0.0000,0.0000,0.0000,0.0000,0.0000
pic.0077.jpg,0.0002,0.6278,0.4574,0.0000,0.0000,0.2108,1.2000,0.4958,0.9084
pic.0711.jpg,0.0021,0.4272,0.5990,0.0001,0.0018,0.7090,2.5161,0.2465,0.7873
pic.0705.jpg,0.0000,0.0000,0.0000,0.0000,0.0000,0.0000,0.0000,0.0000,0.0000
pic.0063.jpg,0.0194,0.0377,0.1313,0.0005,0.0073,0.0006,2.9167,0.5856,0.8006
pic.0249.jpg,0.0000,0.0000,0.0000,0.0000,0.0000,0.0000,0.0000,0.0000,0.0000
pic.0513.jpg,0.0000,0.0000,0.0000,0.0000,0.0000,0.0000,0.0000,0.0000,0.0000
pic.0275.jpg,0.0000,0.0000,0.0000,0.0000,0.0000,0.0000,0.0000,0.0000,0.0000
pic.0261.jpg,0.0001,0.6912,0.8978,0.0000,0.0000,0.7039,1.0000,0.5391,0.9452
pic.0507.jpg,0.0000,0.0000,0.0000,0.0000,0.0000,0.0000,0.0000,0.0000,0.0000
pic.0260.jpg,0.2221,0.4573,0.8586,0.0796,0.0051,0.5732,4.3836,0.7868,0.8367
pic.0506.jpg,0.0060,0.9447,0.0498,0.0012,0.0010,0.3446,1.1940,0.3368,0.5155
pic.0512.jpg,0.0000,0.0000,0.0000,0.0000,0.0000,0.0000,0.0000,0.0000,0.0000
pic.0274.jpg,0.0000,0.0000,0.0000,0.0000,0.0000,0.0000,0.0000,0.0000,0.0000
pic.0248.jpg,0.0000,0.0000,0.0000,0.0000,0.0000,0.0000,0.0000,0.0000,0.0000
pic.0704.jpg,0.0015,0.5772,0.1358,0.0000,0.0009,0.8377,3.1176,0.4678,0.6244
pic.0062.jpg,0.0787,0.4721,0.3933,0.0148,0.0139,0.3304,1.2709,0.3123,0.4861
pic.0076.jpg,0.0286,0.1654,0.3341,0.0019,0.0042,0.2375,1.5481,0.5437,0.7533
pic.0710.jpg,0.0006,0.1100,0.5514,0.0000,0.0001,0.6012,1.0588,0.5719,0.9259
pic.0738.jpg,0.0006,0.7441,0.8535,0.0001,0.0000,0.4701,1.6667,0.4733,0.8294
pic.0923.jpg,0.0000,0.0000,0.0000,0.0000,0.0000,0.0000,0.0000,0.0000,0.0000
pic.0089.jpg,0.0022,0.8853,0.5228,0.0001,0.0011,0.2841,2.0690,0.3767,0.6234
pic.0937.jpg,0.0004,0.8293,0.4114,0.0000,0.0001,0.7003,1.6154,0.4249,0.8169
pic.0670.jpg,0.0000,0.0000,0.0000,0.0000,0.0000,0.0000,0.0000,0.0000,0.0000
pic.0116.jpg,0.0000,0.0000,0.0000,0.0000,0.0000,0.0000,0.0000,0.0000,0.0000
pic.0102.jpg,0.0000,0.0000,0.0000,0.0000,0.0000,0.0000,0.0000,0.0000,0.0000
pic.0664.jpg,0.0000,0.0000,0.0000,0.0000,0.0000,0.0000,0.0000,0.0000,0.0000
pic.0894.jpg,0.0000,0.0000,0.0000,0.0000,0.0000,0.0000,0.0000,0.0000,0.0000
pic.0658.jpg,0.0002,0.2441,0.4068,0.0000,0.0000,0.2462,1.2222,0.6313,0.9542
pic.0880.jpg,0.0000,0.0000,0.0000,0.0000,0.0000,0.0000,0.0000,0.0000,0.0000
pic.0857.jpg,0.0000,0.0000,0.0000,0.0000,0.0000,0.0000,0.0000,0.0000,0.0000
pic.0843.jpg,0.0020,0.6192,0.7007,0.0001,0.0005,0.0748,1.6538,0.5344,0.7665
pic.0314.jpg,0.0009,0.1258,0.6609,0.0002,0.0000,0.1533,3.0909,0.7246,0.9525
pic.0472.jpg,0.0045,0.7997,0.3769,0.0057,0.0001,0.3925,7.6818,0.3501,0.6977
pic.0466.jpg,0.0371,0.5526,0.5814,0.0033,0.0036,0.0898,1.0303,0.6808,0.8684
pic.0300.jpg,0.0000,0.0000,0.0000,0.0000,0.0000,0.0000,0.0000,0.0000,0.0000
pic.0328.jpg,0.0008,0.0787,0.9888,0.0002,0.0001,0.6520,1.9375,0.4708,0.8108
pic.1036.jpg,0.0000,0.0000,0.0000,0.0000,0.0000,0.0000,0.0000,0.0000,0.0000
pic.1022.jpg,0.0009,0.0074,0.1771,0.0000,0.0003,0.5113,2.1875,0.4652,0.7823
pic.0499.jpg,0.0000,0.0000,0.0000,0.0000,0.0000,0.0000,0.0000,0.0000,0.0000
pic.1034.jpg,0.0004,0.9855,0.3669,0.0001,0.0000,0.5349,1.9000,0.6000,0.8352
pic.1020.jpg,0.0003,0.5390,0.3996,0.0000,0.0000,0.6311,1.2000,0.5667,0.9444
pic.0458.jpg,0.0508,0.4888,0.4754,0.0027,0.0084,0.7651,1.3141,0.5478,0.8692
pic.0470.jpg,0.0923,0.6244,0.7850,0.0407,0.0138,0.3718,1.7143,0.2862,0.4022
pic.1008.jpg,0.0000,0.0000,0.0000,0.0000,0.0000,0.0000,0.0000,0.0000,0.0000
pic.0316.jpg,0.0001,0.4539,0.4023,0.0000,0.0000,0.1004,1.1429,0.5357,0.9375
pic.0302.jpg,0.0094,0.2399,0.8819,0.0032,0.0007,0.4085,2.3167,0.3531,0.8963
pic.0464.jpg,0.0401,0.4816,0.4877,0.0015,0.0078,0.3751,1.6389,0.6944,0.9016
pic.0855.jpg,0.0000,0.0000,0.0000,0.0000,0.0000,0.0000,0.0000,0.0000,0.0000
pic.0699.jpg,0.0000,0.0000,0.0000,0.0000,0.0000,0.0000,0.0000,0.0000,0.0000
pic.0841.jpg,0.0066,0.0203,0.0734,0.0002,0.0029,0.3252,2.6842,0.5271,0.7916
pic.0869.jpg,0.0000,0.0000,0.0000,0.0000,0.0000,0.0000,0.0000,0.0000,0.0000
pic.0128.jpg,0.0000,0.0000,0.0000,0.0000,0.0000,0.0000,0.0000,0.0000,0.0000
pic.0896.jpg,0.0000,0.0000,0.0000,0.0000,0.0000,0.0000,0.0000,0.0000,0.0000
pic.0882.jpg,0.0000,0.0000,0.0000,0.0000,0.0000,0.0000,0.0000,0.0000,0.0000
pic.0114.jpg,0.0000,0.0000,0.0000,0.0000,0.0000,0.0000,0.0000,0.0000,0.0000
pic.0672.jpg,0.0000,0.0000,0.0000,0.0000,0.0000,0.0000,0.0000,0.0000,0.0000
pic.0666.jpg,0.0015,0.3612,0.5154,0.0003,0.0001,0.8229,2.0526,0.5796,0.7483
pic.0100.jpg,0.0000,0.0000,0.0000,0.0000,0.0000,0.0000,0.0000,0.0000,0.0000
pic.0921.jpg,0.0000,0.0000,0.0000,0.0000,0.0000,0.0000,0.0000,0.0000,0.0000
pic.0935.jpg,0.0003,0.4508,0.8847,0.0000,0.0000,0.5969,1.0769,0.5192,0.9450
pic.0909.jpg,0.0001,0.2943,0.7272,0.0000,0.0000,0.8109,1.0000,0.5391,0.9452
pic.0048.jpg,0.7991,0.4202,0.4781,0.0631,0.0858,0.0862,1.2070,0.8742,0.9859
pic.0060.jpg,0.0002,0.2386,0.5699,0.0000,0.0000,0.1108,1.1111,0.6167,0.9569
pic.0706.jpg,0.0000,0.0000,0.0000,0.0000,0.0000,0.0000,0.0000,0.0000,0.0000
pic.0712.jpg,0.0010,0.9487,0.0340,0.0001,0.0004,0.3327,1.6957,0.3328,0.8024
pic.0074.jpg,0.0000,0.0000,0.0000,0.0000,0.0000,0.0000,0.0000,0.0000,0.0000
pic.0289.jpg,0.0000,0.0000,0.0000,0.0000,0.0000,0.0000,0.0000,0.0000,0.0000
pic.0538.jpg,0.0000,0.0000,0.0000,0.0000,0.0000,0.0000,0.0000,0.0000,0.0000
pic.0504.jpg,0.0000,0.0000,0.0000,0.0000,0.0000,0.0000,0.0000,0.0000,0.0000
pic.0262.jpg,0.0000,0.0000,0.0000,0.0000,0.0000,0.0000,0.0000,0.0000,0.0000
pic.0276.jpg,0.0000,0.0000,0.0000,0.0000,0.0000,0.0000,0.0000,0.0000,0.0000
pic.0510.jpg,0.0000,0.0000,0.0000,0.0000,0.0000,0.0000,0.0000,0.0000,0.0000
pic.0277.jpg,0.0026,0.4896,0.2326,0.0000,0.0013,0.6985,3.2857,0.5369,0.7780
pic.0511.jpg,0.0000,0.0000,0.0000,0.0000,0.0000,0.0000,0.0000,0.0000,0.0000
pic.0505.jpg,0.0000,0.0000,0.0000,0.0000,0.0000,0.0000,0.0000,0.0000,0.0000
pic.0263.jpg,0.0036,0.4890,0.1349,0.0004,0.0003,0.2944,1.4706,0.6544,0.9388
pic.0539.jpg,0.0027,0.2560,0.9660,0.0005,0.0002,0.1217,1.7941,0.3862,0.6197
pic.0288.jpg,0.0000,0.0000,0.0000,0.0000,0.0000,0.0000,0.0000,0.0000,0.0000
pic.0713.jpg,0.0099,0.0967,0.0300,0.0020,0.0003,0.2768,3.0857,0.8245,0.9576
pic.0075.jpg,0.0109,0.2413,0.0701,0.0005,0.0020,0.2157,1.5517,0.6559,0.8747
pic.0061.jpg,0.0069,0.5305,0.4525,0.0011,0.0004,0.3879,1.6481,0.4491,0.6822
pic.0707.jpg,0.0002,0.5699,0.0449,0.0000,0.0000,0.8879,1.1250,0.5417,0.9512
pic.0049.jpg,0.0000,0.0000,0.0000,0.0000,0.0000,0.0000,0.0000,0.0000,0.0000
pic.0908.jpg,0.0000,0.0000,0.0000,0.0000,0.0000,0.0000,0.0000,0.0000,0.0000
pic.0934.jpg,0.0000,0.0000,0.0000,0.0000,0.0000,0.0000,0.0000,0.0000,0.0000
pic.0920.jpg,0.0000,0.0000,0.0000,0.0000,0.0000,0.0000,0.0000,0.0000,0.0000
pic.0667.jpg,0.0111,0.2748,0.8370,0.0066,0.0006,0.3391,3.4237,0.2878,0.6227
pic.0101.jpg,0.0004,0.4739,0.0139,0.0000,0.0000,0.6945,1.0714,0.5024,0.9254
pic.0115.jpg,0.0000,0.0000,0.0000,0.0000,0.0000,0.0000,0.0000,0.0000,0.0000
pic.0673.jpg,0.0002,0.8237,0.0045,0.0000,0.0000,0.7338,2.0000,0.5510,0.9391
pic.0883.jpg,0.0000,0.0000,0.0000,0.0000,0.0000,0.0000,0.0000,0.0000,0.0000
pic.0129.jpg,0.0000,0.0000,0.0000,0.0000,0.0000,0.0000,0.0000,0.0000,0.0000
pic.0897.jpg,0.0110,0.4930,0.3693,0.0009,0.0016,0.8067,1.0238,0.4884,0.7122
pic.0868.jpg,0.0000,0.0000,0.0000,0.0000,0.0000,0.0000,0.0000,0.0000,0.0000
pic.0840.jpg,0.0393,0.1923,0.1161,0.0023,0.0054,0.3050,1.3500,0.6516,0.8407
pic.0698.jpg,0.0003,0.5004,0.5696,0.0000,0.0000,0.4147,1.0000,0.6146,0.9516
pic.0854.jpg,0.0000,0.0000,0.0000,0.0000,0.0000,0.0000,0.0000,0.0000,0.0000
pic.0303.jpg,0.0000,0.0000,0.0000,0.0000,0.0000,0.0000,0.0000,0.0000,0.0000
pic.0465.jpg,0.0000,0.0000,0.0000,0.0000,0.0000,0.0000,0.0000,0.0000,0.0000
pic.0471.jpg,0.0240,0.2061,0.0753,0.0043,0.0012,0.5223,1.9556,0.4825,0.8086
pic.0317.jpg,0.0074,0.9472,0.6376,0.0008,0.0036,0.4016,1.7286,0.2699,0.7922
pic.1009.jpg,0.0000,0.0000,0.0000,0.0000,0.0000,0.0000,0.0000,0.0000,0.0000
pic.1021.jpg,0.0003,0.2844,0.3786,0.0000,0.0000,0.7057,1.0909,0.6212,0.9425
pic.0459.jpg,0.0000,0.0000,0.0000,0.0000,0.0000,0.0000,0.0000,0.0000,0.0000
pic.1035.jpg,0.0000,0.0000,0.0000,0.0000,0.0000,0.0000,0.0000,0.0000,0.0000
pic.0313.jpg,0.0309,0.7103,0.6431,0.0030,0.0030,0.2035,1.0963,0.4963,0.9194
pic.0475.jpg,0.4185,0.3979,0.5215,0.0569,0.0411,0.1562,1.4053,0.8720,0.9444
pic.0461.jpg,0.0000,0.0000,0.0000,0.0000,0.0000,0.0000,0.0000,0.0000,0.0000
pic.1019.jpg,0.0029,0.3641,0.4363,0.0002,0.0003,0.5954,1.2000,0.6068,0.8732
pic.0307.jpg,0.0500,0.4945,0.4997,0.0038,0.0064,0.2076,1.0570,0.6673,0.8599
pic.1031.jpg,0.0000,0.0000,0.0000,0.0000,0.0000,0.0000,0.0000,0.0000,0.0000
pic.0449.jpg,0.0000,0.0000,0.0000,0.0000,0.0000,0.0000,0.0000,0.0000,0.0000
pic.1025.jpg,0.0000,0.0000,0.0000,0.0000,0.0000,0.0000,0.0000,0.0000,0.0000
pic.0878.jpg,0.0071,0.0073,0.4257,0.0000,0.0182,0.3896,17.6429,0.5993,0.7987
pic.0688.jpg,0.0000,0.0000,0.0000,0.0000,0.0000,0.0000,0.0000,0.0000,0.0000
pic.0850.jpg,0.0000,0.0000,0.0000,0.0000,0.0000,0.0000,0.0000,0.0000,0.0000
pic.0844.jpg,0.0000,0.0000,0.0000,0.0000,0.0000,0.0000,0.0000,0.0000,0.0000
pic.0677.jpg,0.0000,0.0000,0.0000,0.0000,0.0000,0.0000,0.0000,0.0000,0.0000
pic.0111.jpg,0.0000,0.0000,0.0000,0.0000,0.0000,0.0000,0.0000,0.0000,0.0000
pic.0105.jpg,0.0350,0.6731,0.5240,0.0025,0.0061,0.5673,1.0241,0.3960,0.6610
pic.0663.jpg,0.0879,0.7588,0.2947,0.0191,0.0072,0.2410,2.0000,0.5395,0.8594
pic.0893.jpg,0.0000,0.0000,0.0000,0.0000,0.0000,0.0000,0.0000,0.0000,0.0000
pic.0139.jpg,0.0015,0.4129,0.7830,0.0002,0.0005,0.5888,1.2286,0.2884,0.7203
pic.0887.jpg,0.0000,0.0000,0.0000,0.0000,0.0000,0.0000,0.0000,0.0000,0.0000
pic.0918.jpg,0.0000,0.0000,0.0000,0.0000,0.0000,0.0000,0.0000,0.0000,0.0000
pic.0924.jpg,0.0006,0.7979,0.8256,0.0000,0.0002,0.7528,2.0000,0.4837,0.8321
pic.0930.jpg,0.0000,0.0000,0.0000,0.0000,0.0000,0.0000,0.0000,0.0000,0.0000
pic.0703.jpg,0.0000,0.0000,0.0000,0.0000,0.0000,0.0000,0.0000,0.0000,0.0000
pic.0065.jpg,0.0000,0.0000,0.0000,0.0000,0.0000,0.0000,0.0000,0.0000,0.0000
pic.0071.jpg,0.0183,0.3648,0.5101,0.0006,0.0044,0.3750,1.6104,0.6099,0.8100
pic.0717.jpg,0.0002,0.0651,0.6789,0.0000,0.0000,0.5105,1.5000,0.6510,0.9690
pic.0059.jpg,0.0326,0.4670,0.4544,0.0009,0.0139,0.1838,2.5938,0.4330,0.7470
pic.0298.jpg,0.0013,0.0679,0.6278,0.0000,0.0004,0.3319,2.0000,0.5118,0.7981
pic.0267.jpg,0.0000,0.0000,0.0000,0.0000,0.0000,0.0000,0.0000,0.0000,0.0000
pic.0501.jpg,0.0000,0.0000,0.0000,0.0000,0.0000,0.0000,0.0000,0.0000,0.0000
pic.0515.jpg,0.0010,0.2966,0.5162,0.0001,0.0001,0.0734,1.3889,0.6400,0.9443
pic.0273.jpg,0.0037,0.9609,0.7737,0.0006,0.0002,0.3361,1.8065,0.6463,0.8510
pic.0529.jpg,0.0006,0.1354,0.1163,0.0001,0.0000,0.2578,1.4286,0.6500,0.9192
pic.0528.jpg,0.0016,0.0411,0.0203,0.0002,0.0001,0.1195,1.2963,0.4831,0.7235
pic.0514.jpg,0.0454,0.5187,0.4462,0.0077,0.0093,0.0516,1.2288,0.8642,0.9801
pic.0272.jpg,0.0000,0.0000,0.0000,0.0000,0.0000,0.0000,0.0000,0.0000,0.0000
pic.0266.jpg,0.0001,0.1063,0.5645,0.0000,0.0000,0.4876,1.0000,0.4898,0.9231
pic.0500.jpg,0.0000,0.0000,0.0000,0.0000,0.0000,0.0000,0.0000,0.0000,0.0000
pic.0299.jpg,0.0000,0.0000,0.0000,0.0000,0.0000,0.0000,0.0000,0.0000,0.0000
pic.0058.jpg,0.0256,0.6114,0.7416,0.0037,0.0016,0.2155,1.6854,0.6198,0.8061
pic.0070.jpg,0.0000,0.0000,0.0000,0.0000,0.0000,0.0000,0.0000,0.0000,0.0000
pic.0716.jpg,0.0000,0.0000,0.0000,0.0000,0.0000,0.0000,0.0000,0.0000,0.0000
pic.0702.jpg,0.0000,0.0000,0.0000,0.0000,0.0000,0.0000,0.0000,0.0000,0.0000
pic.0064.jpg,0.0009,0.3972,0.7730,0.0000,0.0004,0.4486,2.5333,0.4246,0.8231
pic.0931.jpg,0.0002,0.4111,0.4847,0.0000,0.0000,0.4194,1.0000,0.5247,0.9444
pic.0925.jpg,0.0000,0.0000,0.0000,0.0000,0.0000,0.0000,0.0000,0.0000,0.0000
pic.0919.jpg,0.0000,0.0000,0.0000,0.0000,0.0000,0.0000,0.0000,0.0000,0.0000
pic.0138.jpg,0.0000,0.0000,0.0000,0.0000,0.0000,0.0000,0.0000,0.0000,0.0000
pic.0886.jpg,0.0000,0.0000,0.0000,0.0000,0.0000,0.0000,0.0000,0.0000,0.0000
pic.0892.jpg,0.0000,0.0000,0.0000,0.0000,0.0000,0.0000,0.0000,0.0000,0.0000
pic.0104.jpg,0.0000,0.0000,0.0000,0.0000,0.0000,0.0000,0.0000,0.0000,0.0000
pic.0662.jpg,0.0000,0.0000,0.0000,0.0000,0.0000,0.0000,0.0000,0.0000,0.0000
pic.0676.jpg,0.0000,0.0000,0.0000,0.0000,0.0000,0.0000,0.0000,0.0000,0.0000
pic.0110.jpg,0.0000,0.0000,0.0000,0.0000,0.0000,0.0000,0.0000,0.0000,0.0000
pic.0845.jpg,0.0000,0.0000,0.0000,0.0000,0.0000,0.0000,0.0000,0.0000,0.0000
pic.0851.jpg,0.0000,0.0000,0.0000,0.0000,0.0000,0.0000,0.0000,0.0000,0.0000
pic.0689.jpg,0.0000,0.0000,0.0000,0.0000,0.0000,0.0000,0.0000,0.0000,0.0000
pic.0879.jpg,0.0003,0.0716,0.5578,0.0000,0.0000,0.4183,1.6250,0.6683,0.9720
pic.1024.jpg,0.0000,0.0000,0.0000,0.0000,0.0000,0.0000,0.0000,0.0000,0.0000
pic.1030.jpg,0.0000,0.0000,0.0000,0.0000,0.0000,0.0000,0.0000,0.0000,0.0000
pic.0448.jpg,0.0000,0.0000,0.0000,0.0000,0.0000,0.0000,0.0000,0.0000,0.0000
pic.0460.jpg,0.0132,0.1552,0.0320,0.0037,0.0006,0.3860,3.3396,0.4389,0.7931
pic.0306.jpg,0.1130,0.6292,0.1269,0.0324,0.0047,0.0921,2.9872,0.5435,0.7012
pic.1018.jpg,0.0000,0.0000,0.0000,0.0000,0.0000,0.0000,0.0000,0.0000,0.0000
pic.0312.jpg,0.1681,0.1729,0.6280,0.0087,0.0262,0.1406,1.3765,0.6088,0.8227
pic.0474.jpg,0.0295,0.2276,0.5624,0.0012,0.0068,0.1332,1.4950,0.6323,0.8139
pic.0489.jpg,0.0000,0.0000,0.0000,0.0000,0.0000,0.0000,0.0000,0.0000,0.0000
pic.0304.jpg,0.0011,0.5094,0.6438,0.0001,0.0001,0.2447,1.2632,0.7050,0.9360
pic.0462.jpg,0.0472,0.4766,0.6879,0.0046,0.0038,0.1098,1.3937,0.7305,0.9331
pic.0476.jpg,0.0021,0.4963,0.5121,0.0002,0.0002,0.3491,1.2258,0.5369,0.8109
pic.0310.jpg,0.0282,0.1531,0.1238,0.0044,0.0081,0.2288,1.0055,0.2693,0.5750
pic.1026.jpg,0.0000,0.0000,0.0000,0.0000,0.0000,0.0000,0.0000,0.0000,0.0000
pic.0338.jpg,0.0043,0.4361,0.0663,0.0002,0.0016,0.3424,1.7381,0.4326,0.8520
pic.1032.jpg,0.0000,0.0000,0.0000,0.0000,0.0000,0.0000,0.0000,0.0000,0.0000
pic.0847.jpg,0.0101,0.7011,0.1821,0.0026,0.0034,0.2343,1.0598,0.2157,0.7193
pic.0853.jpg,0.0008,0.5411,0.3932,0.0000,0.0001,0.5787,1.3529,0.5793,0.9283
pic.0660.jpg,0.0000,0.0000,0.0000,0.0000,0.0000,0.0000,0.0000,0.0000,0.0000
pic.0106.jpg,0.0000,0.0000,0.0000,0.0000,0.0000,0.0000,0.0000,0.0000,0.0000
pic.0112.jpg,0.0000,0.0000,0.0000,0.0000,0.0000,0.0000,0.0000,0.0000,0.0000
pic.0674.jpg,0.0000,0.0000,0.0000,0.0000,0.0000,0.0000,0.0000,0.0000,0.0000
pic.0884.jpg,0.2226,0.5592,0.8712,0.0826,0.0063,0.0699,4.0252,0.7111,0.8419
pic.0890.jpg,0.0000,0.0000,0.0000,0.0000,0.0000,0.0000,0.0000,0.0000,0.0000
pic.0648.jpg,0.0290,0.7004,0.8345,0.0111,0.0009,0.1475,5.1695,0.5099,0.8163
pic.0933.jpg,0.0000,0.0000,0.0000,0.0000,0.0000,0.0000,0.0000,0.0000,0.0000
pic.0099.jpg,0.0001,0.4922,0.4863,0.0000,0.0000,0.5375,1.0000,0.4898,0.9231
pic.0927.jpg,0.0003,0.0253,0.5753,0.0000,0.0000,0.6514,1.6250,0.6587,0.9580
pic.0714.jpg,0.0027,0.4828,0.3891,0.0003,0.0002,0.5601,1.3667,0.6683,0.8685
pic.0072.jpg,0.0063,0.0669,0.9752,0.0018,0.0002,0.4478,3.2000,0.4899,0.7371
pic.0066.jpg,0.0025,0.1037,0.9105,0.0006,0.0004,0.4175,1.2727,0.3048,0.7142
pic.0700.jpg,0.0002,0.5734,0.5771,0.0000,0.0000,0.8521,1.4286,0.6000,0.9545
pic.0728.jpg,0.0002,0.3141,0.9766,0.0000,0.0000,0.6846,1.2222,0.4646,0.9200
pic.0270.jpg,0.0007,0.3409,0.7969,0.0001,0.0001,0.6059,1.3333,0.4410,0.7162
pic.0516.jpg,0.0000,0.0000,0.0000,0.0000,0.0000,0.0000,0.0000,0.0000,0.0000
pic.0502.jpg,0.0000,0.0000,0.0000,0.0000,0.0000,0.0000,0.0000,0.0000,0.0000
pic.0264.jpg,0.0000,0.0000,0.0000,0.0000,0.0000,0.0000,0.0000,0.0000,0.0000
pic.0258.jpg,0.0000,0.0000,0.0000,0.0000,0.0000,0.0000,0.0000,0.0000,0.0000
pic.0259.jpg,0.0002,0.3626,0.2101,0.0000,0.0000,0.7369,1.1000,0.5864,0.9348
pic.0503.jpg,0.7124,0.4001,0.5403,0.0518,0.0766,0.0350,1.2070,0.7502,0.9057
pic.0265.jpg,0.0014,0.5024,0.3830,0.0001,0.0002,0.3766,1.1600,0.5690,0.8418
pic.0271.jpg,0.0000,0.0000,0.0000,0.0000,0.0000,0.0000,0.0000,0.0000,0.0000
pic.0517.jpg,0.0465,0.3250,0.6608,0.0083,0.0046,0.1253,1.6296,0.3531,0.6316
pic.0729.jpg,0.0000,0.0000,0.0000,0.0000,0.0000,0.0000,0.0000,0.0000,0.0000
pic.0067.jpg,0.0003,0.3837,0.7699,0.0000,0.0001,0.5023,1.7000,0.4176,0.7553
pic.0701.jpg,0.0000,0.0000,0.0000,0.0000,0.0000,0.0000,0.0000,0.0000,0.0000
pic.0715.jpg,0.0007,0.3518,0.3768,0.0000,0.0001,0.5564,1.5714,0.6104,0.9424
pic.0073.jpg,0.0000,0.0000,0.0000,0.0000,0.0000,0.0000,0.0000,0.0000,0.0000
pic.0098.jpg,0.0000,0.0000,0.0000,0.0000,0.0000,0.0000,0.0000,0.0000,0.0000
pic.0926.jpg,0.0170,0.8069,0.4777,0.0011,0.0023,0.6265,1.0100,0.5359,0.9351
pic.0932.jpg,0.0023,0.6246,0.1759,0.0000,0.0011,0.3646,3.5000,0.5917,0.8041
pic.0649.jpg,0.0002,0.7157,0.1048,0.0000,0.0000,0.3951,1.0000,0.5679,0.9485
pic.0891.jpg,0.0000,0.0000,0.0000,0.0000,0.0000,0.0000,0.0000,0.0000,0.0000
pic.0885.jpg,0.0000,0.0000,0.0000,0.0000,0.0000,0.0000,0.0000,0.0000,0.0000
pic.0113.jpg,0.0004,0.1234,0.1162,0.0001,0.0000,0.3345,2.3750,0.7500,0.9828
pic.0675.jpg,0.0000,0.0000,0.0000,0.0000,0.0000,0.0000,0.0000,0.0000,0.0000
pic.0661.jpg,0.0046,0.7978,0.1767,0.0015,0.0002,0.4802,2.4595,0.4145,0.6735
pic.0107.jpg,0.0000,0.0000,0.0000,0.0000,0.0000,0.0000,0.0000,0.0000,0.0000
pic.0852.jpg,0.0004,0.6106,0.3372,0.0000,0.0000,0.3960,1.0769,0.5467,0.9567
pic.0846.jpg,0.0000,0.0000,0.0000,0.0000,0.0000,0.0000,0.0000,0.0000,0.0000
pic.1033.jpg,0.0000,0.0000,0.0000,0.0000,0.0000,0.0000,0.0000,0.0000,0.0000
pic.0339.jpg,0.0005,0.5303,0.7152,0.0000,0.0001,0.2038,1.3846,0.5791,0.9281
pic.1027.jpg,0.0000,0.0000,0.0000,0.0000,0.0000,0.0000,0.0000,0.0000,0.0000
pic.0477.jpg,0.0000,0.0000,0.0000,0.0000,0.0000,0.0000,0.0000,0.0000,0.0000
pic.0311.jpg,0.0000,0.0000,0.0000,0.0000,0.0000,0.0000,0.0000,0.0000,0.0000
pic.0305.jpg,0.0000,0.0000,0.0000,0.0000,0.0000,0.0000,0.0000,0.0000,0.0000
pic.0463.jpg,0.0077,0.4781,0.5069,0.0025,0.0007,0.2635,1.8889,0.3187,0.5509
pic.0488.jpg,0.0007,0.2796,0.4598,0.0000,0.0002,0.8105,2.2500,0.6096,0.8662
pic.1083.jpg,0.0018,0.0701,0.0646,0.0004,0.0001,0.7859,1.8462,0.4315,0.6628
pic.0389.jpg,0.0001,0.9953,0.6487,0.0000,0.0000,0.5310,1.3333,0.5104,0.9423
pic.1097.jpg,0.0001,0.0125,0.0957,0.0000,0.0000,0.6744,1.0000,0.4898,0.9231
pic.1040.jpg,0.0000,0.0000,0.0000,0.0000,0.0000,0.0000,0.0000,0.0000,0.0000
pic.0438.jpg,0.0022,0.2969,0.9100,0.0008,0.0001,0.2260,2.9545,0.4531,0.6219
pic.1054.jpg,0.0000,0.0000,0.0000,0.0000,0.0000,0.0000,0.0000,0.0000,0.0000
pic.0362.jpg,0.0000,0.0000,0.0000,0.0000,0.0000,0.0000,0.0000,0.0000,0.0000
pic.0404.jpg,0.0695,0.4014,0.5778,0.0061,0.0054,0.6099,1.3072,0.6243,0.9691
pic.0410.jpg,0.0000,0.0000,0.0000,0.0000,0.0000,0.0000,0.0000,0.0000,0.0000
pic.1068.jpg,0.0000,0.0000,0.0000,0.0000,0.0000,0.0000,0.0000,0.0000,0.0000
pic.0376.jpg,0.0006,0.0857,0.6298,0.0000,0.0001,0.0439,1.2000,0.6074,0.9162
pic.0821.jpg,0.0001,0.1422,0.5059,0.0000,0.0000,0.6625,1.0000,0.4898,0.9231
pic.0835.jpg,0.0031,0.8652,0.4920,0.0001,0.0006,0.2179,1.6129,0.6148,0.8628
pic.0809.jpg,0.0000,0.0000,0.0000,0.0000,0.0000,0.0000,0.0000,0.0000,0.0000
pic.0148.jpg,0.0000,0.0000,0.0000,0.0000,0.0000,0.0000,0.0000,0.0000,0.0000
pic.0606.jpg,0.0067,0.9853,0.1199,0.0001,0.0074,0.2937,6.0000,0.5428,0.7378
pic.0160.jpg,0.0000,0.0000,0.0000,0.0000,0.0000,0.0000,0.0000,0.0000,0.0000
pic.0174.jpg,0.0000,0.0000,0.0000,0.0000,0.0000,0.0000,0.0000,0.0000,0.0000
pic.0612.jpg,0.0000,0.0000,0.0000,0.0000,0.0000,0.0000,0.0000,0.0000,0.0000
pic.0955.jpg,0.0000,0.0000,0.0000,0.0000,0.0000,0.0000,0.0000,0.0000,0.0000
pic.0941.jpg,0.0000,0.0000,0.0000,0.0000,0.0000,0.0000,0.0000,0.0000,0.0000
pic.0799.jpg,0.0000,0.0000,0.0000,0.0000,0.0000,0.0000,0.0000,0.0000,0.0000
pic.0969.jpg,0.0000,0.0000,0.0000,0.0000,0.0000,0.0000,0.0000,0.0000,0.0000
pic.0996.jpg,0.0000,0.0000,0.0000,0.0000,0.0000,0.0000,0.0000,0.0000,0.0000
pic.0028.jpg,0.0450,0.0866,0.1204,0.0033,0.0065,0.2880,1.2587,0.5668,0.8742
pic.0982.jpg,0.0001,0.5063,0.4727,0.0000,0.0000,0.8584,1.0000,0.4898,0.9231
pic.0772.jpg,0.0241,0.6249,0.9535,0.0101,0.0007,0.1572,4.0000,0.5562,0.7872
pic.0014.jpg,0.0000,0.0000,0.0000,0.0000,0.0000,0.0000,0.0000,0.0000,0.0000
pic.0766.jpg,0.0000,0.0000,0.0000,0.0000,0.0000,0.0000,0.0000,0.0000,0.0000
pic.0558.jpg,0.0000,0.0000,0.0000,0.0000,0.0000,0.0000,0.0000,0.0000,0.0000
pic.0216.jpg,0.0048,0.2201,0.7972,0.0029,0.0030,0.4366,1.2308,0.1092,0.8422
pic.0570.jpg,0.0000,0.0000,0.0000,0.0000,0.0000,0.0000,0.0000,0.0000,0.0000
pic.0564.jpg,0.0005,0.0706,0.5898,0.0001,0.0001,0.6091,1.3333,0.5083,0.8866
pic.0202.jpg,0.0000,0.0000,0.0000,0.0000,0.0000,0.0000,0.0000,0.0000,0.0000
pic.0565.jpg,0.0231,0.8204,0.7393,0.0093,0.0009,0.4705,3.2464,0.4776,0.6444
pic.0203.jpg,0.2681,0.4887,0.5017,0.0241,0.0727,0.1704,1.0618,0.3968,0.5022
pic.0217.jpg,0.0000,0.0000,0.0000,0.0000,0.0000,0.0000,0.0000,0.0000,0.0000
pic.0571.jpg,0.0524,0.6413,0.8254,0.0530,0.0017,0.4172,4.3455,0.3284,0.4431
pic.0559.jpg,0.0000,0.0000,0.0000,0.0000,0.0000,0.0000,0.0000,0.0000,0.0000
pic.0001.jpg,0.0001,0.1813,0.9961,0.0000,0.0000,0.3454,1.7500,0.4286,0.9231
pic.0767.jpg,0.0472,0.3074,0.9385,0.0119,0.0014,0.2490,3.5325,0.7233,0.9296
pic.0773.jpg,0.0237,0.0972,0.1031,0.0039,0.0021,0.1156,1.7273,0.5578,0.6844
pic.0015.jpg,0.0000,0.0000,0.0000,0.0000,0.0000,0.0000,0.0000,0.0000,0.0000
pic.0983.jpg,0.0001,0.5813,0.4414,0.0000,0.0000,0.8322,1.0000,0.4898,0.9231
pic.0997.jpg,0.0000,0.0000,0.0000,0.0000,0.0000,0.0000,0.0000,0.0000,0.0000
pic.0029.jpg,0.0000,0.0000,0.0000,0.0000,0.0000,0.0000,0.0000,0.0000,0.0000
pic.0968.jpg,0.0000,0.0000,0.0000,0.0000,0.0000,0.0000,0.0000,0.0000,0.0000
pic.0798.jpg,0.0003,0.0709,0.7220,0.0000,0.0000,0.0899,1.0909,0.5947,0.9573
pic.0940.jpg,0.0041,0.0931,0.8689,0.0004,0.0007,0.4790,1.1961,0.3997,0.6678
pic.0954.jpg,0.0000,0.0000,0.0000,0.0000,0.0000,0.0000,0.0000,0.0000,0.0000
pic.0175.jpg,0.0016,0.3865,0.1374,0.0001,0.0003,0.2535,1.7826,0.5186,0.8373
pic.0613.jpg,0.0000,0.0000,0.0000,0.0000,0.0000,0.0000,0.0000,0.0000,0.0000
pic.0607.jpg,0.0037,0.8105,0.4822,0.0001,0.0011,0.1750,2.3333,0.6578,0.8189
pic.0161.jpg,0.0023,0.4426,0.7302,0.0004,0.0002,0.4766,1.3333,0.3987,0.6812
pic.0149.jpg,0.0000,0.0000,0.0000,0.0000,0.0000,0.0000,0.0000,0.0000,0.0000
pic.0808.jpg,0.0144,0.8016,0.5430,0.0043,0.0008,0.6160,2.4000,0.3785,0.5882
pic.0834.jpg,0.0030,0.8969,0.5338,0.0001,0.0005,0.2194,1.4412,0.5447,0.7760
pic.0820.jpg,0.0062,0.9156,0.6388,0.0008,0.0010,0.6340,1.0405,0.3282,0.5415
pic.0411.jpg,0.0001,0.5695,0.8086,0.0000,0.0000,0.4814,1.1429,0.5357,0.9375
pic.0377.jpg,0.0085,0.3855,0.2769,0.0003,0.0022,0.0406,2.0000,0.6036,0.8774
pic.1069.jpg,0.0006,0.6772,0.5909,0.0001,0.0001,0.6523,1.1176,0.5186,0.9005
pic.0363.jpg,0.0011,0.9399,0.4245,0.0001,0.0001,0.1814,1.3158,0.6853,0.9435
pic.0405.jpg,0.0104,0.4712,0.5761,0.0018,0.0010,0.8071,1.7258,0.4910,0.7397
pic.1055.jpg,0.0002,0.4672,0.6810,0.0000,0.0000,0.5289,1.0000,0.5802,0.9592
pic.1041.jpg,0.0000,0.0000,0.0000,0.0000,0.0000,0.0000,0.0000,0.0000,0.0000
pic.0439.jpg,0.0006,0.3080,0.6422,0.0000,0.0001,0.2771,1.1250,0.5712,0.9320
pic.1096.jpg,0.0005,0.4039,0.3828,0.0001,0.0000,0.2710,1.5385,0.5731,0.8949
pic.0388.jpg,0.0000,0.0000,0.0000,0.0000,0.0000,0.0000,0.0000,0.0000,0.0000
pic.1082.jpg,0.0041,0.2329,0.0288,0.0021,0.0006,0.7683,2.1224,0.2364,0.4673
pic.1094.jpg,0.0036,0.8214,0.7262,0.0004,0.0006,0.6139,1.0556,0.3424,0.5007
pic.1080.jpg,0.0000,0.0000,0.0000,0.0000,0.0000,0.0000,0.0000,0.0000,0.0000
pic.1057.jpg,0.0004,0.7088,0.6332,0.0001,0.0000,0.3146,1.3846,0.5299,0.8857
pic.0349.jpg,0.0021,0.0300,0.7929,0.0003,0.0001,0.1695,2.3000,0.6685,0.8786
pic.1043.jpg,0.0000,0.0000,0.0000,0.0000,0.0000,0.0000,0.0000,0.0000,0.0000
pic.0375.jpg,0.0000,0.0000,0.0000,0.0000,0.0000,0.0000,0.0000,0.0000,0.0000
pic.0413.jpg,0.0047,0.6272,0.3686,0.0003,0.0011,0.7556,1.2264,0.4177,0.6025
pic.0407.jpg,0.0935,0.4508,0.7506,0.0089,0.0074,0.0857,1.2816,0.7948,0.9010
pic.0361.jpg,0.0013,0.1514,0.9716,0.0001,0.0002,0.3235,1.2083,0.5532,0.6808
pic.0836.jpg,0.0161,0.3029,0.0765,0.0038,0.0022,0.1981,1.4095,0.3246,0.6575
pic.0188.jpg,0.0001,0.6516,0.1797,0.0000,0.0000,0.6673,1.0000,0.4898,0.9231
pic.0822.jpg,0.0000,0.0000,0.0000,0.0000,0.0000,0.0000,0.0000,0.0000,0.0000
pic.0639.jpg,0.0000,0.0000,0.0000,0.0000,0.0000,0.0000,0.0000,0.0000,0.0000
pic.0611.jpg,0.0000,0.0000,0.0000,0.0000,0.0000,0.0000,0.0000,0.0000,0.0000
pic.0177.jpg,0.0113,0.0165,0.8532,0.0001,0.0100,0.2559,6.1250,0.5557,0.8881
pic.0163.jpg,0.0000,0.0000,0.0000,0.0000,0.0000,0.0000,0.0000,0.0000,0.0000
pic.0605.jpg,0.0000,0.0000,0.0000,0.0000,0.0000,0.0000,0.0000,0.0000,0.0000
pic.0942.jpg,0.0000,0.0000,0.0000,0.0000,0.0000,0.0000,0.0000,0.0000,0.0000
pic.0956.jpg,0.0000,0.0000,0.0000,0.0000,0.0000,0.0000,0.0000,0.0000,0.0000
pic.0759.jpg,0.0000,0.0000,0.0000,0.0000,0.0000,0.0000,0.0000,0.0000,0.0000
pic.0981.jpg,0.0000,0.0000,0.0000,0.0000,0.0000,0.0000,0.0000,0.0000,0.0000
pic.0995.jpg,0.0000,0.0000,0.0000,0.0000,0.0000,0.0000,0.0000,0.0000,0.0000
pic.0765.jpg,0.0820,0.3626,0.0573,0.0391,0.0013,0.1648,6.6944,0.7687,0.8615
pic.0003.jpg,0.0002,0.8058,0.2063,0.0000,0.0000,0.2026,1.2222,0.5505,0.9478
pic.0017.jpg,0.0000,0.0000,0.0000,0.0000,0.0000,0.0000,0.0000,0.0000,0.0000
pic.0771.jpg,0.0031,0.3821,0.9809,0.0009,0.0002,0.3095,2.0303,0.4138,0.6441
pic.0598.jpg,0.0000,0.0000,0.0000,0.0000,0.0000,0.0000,0.0000,0.0000,0.0000
pic.0229.jpg,0.0000,0.0000,0.0000,0.0000,0.0000,0.0000,0.0000,0.0000,0.0000
pic.0201.jpg,0.0000,0.0000,0.0000,0.0000,0.0000,0.0000,0.0000,0.0000,0.0000
pic.0567.jpg,0.0000,0.0000,0.0000,0.0000,0.0000,0.0000,0.0000,0.0000,0.0000
pic.0573.jpg,0.0008,0.6279,0.6329,0.0002,0.0000,0.4921,2.5385,0.5524,0.7745
pic.0215.jpg,0.0115,0.2398,0.2051,0.0024,0.0007,0.3665,2.2593,0.5461,0.7922
pic.0572.jpg,0.0335,0.4815,0.6391,0.0020,0.0048,0.6874,1.0149,0.5965,0.8308
pic.0214.jpg,0.0000,0.0000,0.0000,0.0000,0.0000,0.0000,0.0000,0.0000,0.0000
pic.0200.jpg,0.0000,0.0000,0.0000,0.0000,0.0000,0.0000,0.0000,0.0000,0.0000
pic.0566.jpg,0.0000,0.0000,0.0000,0.0000,0.0000,0.0000,0.0000,0.0000,0.0000
pic.0228.jpg,0.0000,0.0000,0.0000,0.0000,0.0000,0.0000,0.0000,0.0000,0.0000
pic.0599.jpg,0.0000,0.0000,0.0000,0.0000,0.0000,0.0000,0.0000,0.0000,0.0000
pic.0016.jpg,0.0029,0.8687,0.6174,0.0012,0.0002,0.2156,2.3714,0.2966,0.5408
pic.0770.jpg,0.0000,0.0000,0.0000,0.0000,0.0000,0.0000,0.0000,0.0000,0.0000
pic.0764.jpg,0.0886,0.6713,0.6431,0.0484,0.0090,0.1545,2.1239,0.2804,0.4722
pic.0002.jpg,0.0000,0.0000,0.0000,0.0000,0.0000,0.0000,0.0000,0.0000,0.0000
pic.0994.jpg,0.0000,0.0000,0.0000,0.0000,0.0000,0.0000,0.0000,0.0000,0.0000
pic.0980.jpg,0.0001,0.3547,0.5547,0.0000,0.0000,0.4462,1.0000,0.4898,0.9231
pic.0758.jpg,0.0000,0.0000,0.0000,0.0000,0.0000,0.0000,0.0000,0.0000,0.0000
pic.0957.jpg,0.0011,0.0954,0.5737,0.0001,0.0001,0.6358,1.5000,0.5417,0.8929
pic.0943.jpg,0.0002,0.0296,0.7356,0.0000,0.0000,0.7342,1.6250,0.5577,0.9134
pic.0162.jpg,0.0000,0.0000,0.0000,0.0000,0.0000,0.0000,0.0000,0.0000,0.0000
pic.0604.jpg,0.0000,0.0000,0.0000,0.0000,0.0000,0.0000,0.0000,0.0000,0.0000
pic.0610.jpg,0.0000,0.0000,0.0000,0.0000,0.0000,0.0000,0.0000,0.0000,0.0000
pic.0176.jpg,0.0000,0.0000,0.0000,0.0000,0.0000,0.0000,0.0000,0.0000,0.0000
pic.0638.jpg,0.0010,0.2770,0.9174,0.0000,0.0003,0.1334,3.0833,0.6633,0.9349
pic.0823.jpg,0.0000,0.0000,0.0000,0.0000,0.0000,0.0000,0.0000,0.0000,0.0000
pic.0837.jpg,0.0011,0.3143,0.3033,0.0003,0.0000,0.1969,2.8000,0.5103,0.7710
pic.0189.jpg,0.0003,0.0306,0.1964,0.0001,0.0000,0.3986,1.2857,0.3730,0.8704
pic.0406.jpg,0.0323,0.4608,0.3793,0.0030,0.0026,0.1344,1.2417,0.5812,0.9546
pic.0360.jpg,0.0000,0.0000,0.0000,0.0000,0.0000,0.0000,0.0000,0.0000,0.0000
pic.0374.jpg,0.0000,0.0000,0.0000,0.0000,0.0000,0.0000,0.0000,0.0000,0.0000
pic.0412.jpg,0.0000,0.0000,0.0000,0.0000,0.0000,0.0000,0.0000,0.0000,0.0000
pic.1042.jpg,0.0000,0.0000,0.0000,0.0000,0.0000,0.0000,0.0000,0.0000,0.0000
pic.0348.jpg,0.0098,0.0411,0.6891,0.0006,0.0013,0.2391,1.1905,0.6547,0.9184
pic.1056.jpg,0.0000,0.0000,0.0000,0.0000,0.0000,0.0000,0.0000,0.0000,0.0000
pic.1081.jpg,0.0002,0.2232,0.2380,0.0000,0.0000,0.2106,1.0000,0.5600,0.9655
pic.1095.jpg,0.0000,0.0000,0.0000,0.0000,0.0000,0.0000,0.0000,0.0000,0.0000
pic.1091.jpg,0.0000,0.0000,0.0000,0.0000,0.0000,0.0000,0.0000,0.0000,0.0000
pic.1085.jpg,0.0051,0.1491,0.2433,0.0009,0.0005,0.6760,1.4340,0.3982,0.5996
pic.0416.jpg,0.0000,0.0000,0.0000,0.0000,0.0000,0.0000,0.0000,0.0000,0.0000
pic.0370.jpg,0.0001,0.7859,0.3457,0.0000,0.0000,0.7937,1.0000,0.4898,0.9231
pic.0364.jpg,0.0000,0.0000,0.0000,0.0000,0.0000,0.0000,0.0000,0.0000,0.0000
pic.0402.jpg,0.0018,0.2376,0.1777,0.0000,0.0009,0.1630,3.8000,0.6094,0.8534
pic.1052.jpg,0.0011,0.4415,0.5694,0.0002,0.0001,0.1670,1.2609,0.4580,0.6759
pic.1046.jpg,0.0559,0.3490,0.4646,0.0039,0.0139,0.2455,1.5286,0.6132,0.6738
pic.0358.jpg,0.0002,0.4473,0.1634,0.0000,0.0000,0.5044,1.0000,0.5300,0.9298
pic.0833.jpg,0.0150,0.3673,0.8178,0.0048,0.0004,0.2936,3.6875,0.5551,0.7562
pic.0827.jpg,0.0234,0.3651,0.2433,0.0014,0.0049,0.2209,1.4767,0.7811,0.8511
pic.0199.jpg,0.0000,0.0000,0.0000,0.0000,0.0000,0.0000,0.0000,0.0000,0.0000
pic.0172.jpg,0.0059,0.3055,0.4269,0.0011,0.0003,0.2178,1.7442,0.5992,0.8504
pic.0614.jpg,0.0000,0.0000,0.0000,0.0000,0.0000,0.0000,0.0000,0.0000,0.0000
pic.0600.jpg,0.0010,0.4187,0.9382,0.0001,0.0003,0.1701,1.2500,0.2781,0.7538
pic.0166.jpg,0.0000,0.0000,0.0000,0.0000,0.0000,0.0000,0.0000,0.0000,0.0000
pic.0628.jpg,0.0010,0.2401,0.9484,0.0003,0.0000,0.3691,3.2500,0.5791,0.7732
pic.0947.jpg,0.0000,0.0000,0.0000,0.0000,0.0000,0.0000,0.0000,0.0000,0.0000
pic.0953.jpg,0.0000,0.0000,0.0000,0.0000,0.0000,0.0000,0.0000,0.0000,0.0000
pic.0006.jpg,0.0005,0.0078,0.9771,0.0000,0.0001,0.1656,1.4615,0.5810,0.9199
pic.0760.jpg,0.0000,0.0000,0.0000,0.0000,0.0000,0.0000,0.0000,0.0000,0.0000
pic.0774.jpg,0.0023,0.6550,0.1725,0.0002,0.0004,0.1549,1.2647,0.4709,0.8280
pic.0012.jpg,0.0017,0.4665,0.8131,0.0003,0.0001,0.1750,1.4615,0.5132,0.7806
pic.0984.jpg,0.0002,0.5248,0.5162,0.0000,0.0000,0.8172,1.1111,0.5722,0.9626
pic.0748.jpg,0.0008,0.3960,0.6005,0.0002,0.0000,0.4287,2.0667,0.4570,0.7083
pic.0990.jpg,0.1062,0.5408,0.4855,0.0160,0.0062,0.6802,1.5490,0.5336,0.7436
pic.0589.jpg,0.0013,0.8928,0.7577,0.0000,0.0007,0.3258,3.6429,0.5182,0.7559
pic.0562.jpg,0.0000,0.0000,0.0000,0.0000,0.0000,0.0000,0.0000,0.0000,0.0000
pic.0204.jpg,0.0097,0.3565,0.6618,0.0016,0.0008,0.2695,1.5224,0.4723,0.6457
pic.0210.jpg,0.0001,0.9422,0.0137,0.0000,0.0000,0.5467,1.0000,0.4898,0.9231
pic.0576.jpg,0.0006,0.0157,0.9574,0.0001,0.0001,0.4707,1.1053,0.4123,0.6756
pic.0238.jpg,0.0000,0.0000,0.0000,0.0000,0.0000,0.0000,0.0000,0.0000,0.0000
pic.0239.jpg,0.0040,0.0597,0.4680,0.0002,0.0007,0.5273,1.7353,0.6094,0.8308
pic.0211.jpg,0.0000,0.0000,0.0000,0.0000,0.0000,0.0000,0.0000,0.0000,0.0000
pic.0577.jpg,0.0000,0.0000,0.0000,0.0000,0.0000,0.0000,0.0000,0.0000,0.0000
pic.0563.jpg,0.0000,0.0000,0.0000,0.0000,0.0000,0.0000,0.0000,0.0000,0.0000
pic.0205.jpg,0.0025,0.5312,0.4179,0.0001,0.0010,0.2632,2.2222,0.4648,0.6175
pic.0588.jpg,0.0002,0.0859,0.7152,0.0000,0.0000,0.7522,1.6250,0.5962,0.9394
pic.0991.jpg,0.0003,0.6045,0.6188,0.0000,0.0000,0.3735,1.2308,0.4447,0.8645
pic.0749.jpg,0.0017,0.6778,0.5383,0.0003,0.0002,0.3488,1.3214,0.4691,0.6424
pic.0985.jpg,0.0017,0.9926,0.1708,0.0000,0.0015,0.2970,6.0833,0.5428,0.8797
pic.0775.jpg,0.0000,0.0000,0.0000,0.0000,0.0000,0.0000,0.0000,0.0000,0.0000
pic.0013.jpg,0.0000,0.0000,0.0000,0.0000,0.0000,0.0000,0.0000,0.0000,0.0000
pic.0007.jpg,0.0008,0.9912,0.9090,0.0000,0.0002,0.3607,2.0769,0.6097,0.9126
pic.0761.jpg,0.0000,0.0000,0.0000,0.0000,0.0000,0.0000,0.0000,0.0000,0.0000
pic.0952.jpg,0.0000,0.0000,0.0000,0.0000,0.0000,0.0000,0.0000,0.0000,0.0000
pic.0946.jpg,0.0000,0.0000,0.0000,0.0000,0.0000,0.0000,0.0000,0.0000,0.0000
pic.0629.jpg,0.0000,0.0000,0.0000,0.0000,0.0000,0.0000,0.0000,0.0000,0.0000
pic.0601.jpg,0.0000,0.0000,0.0000,0.0000,0.0000,0.0000,0.0000,0.0000,0.0000
pic.0167.jpg,0.0002,0.9907,0.0626,0.0000,0.0000,0.3627,1.1111,0.4889,0.9263
pic.0173.jpg,0.0000,0.0000,0.0000,0.0000,0.0000,0.0000,0.0000,0.0000,0.0000
pic.0615.jpg,0.0023,0.8120,0.1587,0.0001,0.0005,0.4505,1.6786,0.5426,0.7108
pic.0826.jpg,0.0000,0.0000,0.0000,0.0000,0.0000,0.0000,0.0000,0.0000,0.0000
pic.0198.jpg,0.2161,0.4048,0.7086,0.0608,0.0379,0.2443,1.6368,0.2856,0.5162
pic.0832.jpg,0.0000,0.0000,0.0000,0.0000,0.0000,0.0000,0.0000,0.0000,0.0000
pic.0359.jpg,0.0003,0.3420,0.6477,0.0000,0.0000,0.3961,1.0909,0.5417,0.9108
pic.1047.jpg,0.0000,0.0000,0.0000,0.0000,0.0000,0.0000,0.0000,0.0000,0.0000
pic.1053.jpg,0.0000,0.0000,0.0000,0.0000,0.0000,0.0000,0.0000,0.0000,0.0000
pic.0365.jpg,0.0012,0.5979,0.4568,0.0004,0.0000,0.5701,3.5385,0.5744,0.7141
pic.0403.jpg,0.0038,0.8507,0.9284,0.0008,0.0017,0.2097,1.0135,0.2060,0.6110
pic.0417.jpg,0.0000,0.0000,0.0000,0.0000,0.0000,0.0000,0.0000,0.0000,0.0000
pic.0371.jpg,0.0000,0.0000,0.0000,0.0000,0.0000,0.0000,0.0000,0.0000,0.0000
pic.1084.jpg,0.0017,0.4668,0.5121,0.0000,0.0010,0.6436,3.5294,0.4966,0.8337
pic.1090.jpg,0.0489,0.5730,0.4591,0.0069,0.0083,0.7080,1.1232,0.3646,0.5566
pic.0398.jpg,0.0007,0.6268,0.8824,0.0001,0.0001,0.2071,1.2632,0.4331,0.9360
pic.1086.jpg,0.0003,0.5021,0.2369,0.0000,0.0000,0.6548,1.0769,0.5247,0.9183
pic.1092.jpg,0.0008,0.7690,0.3039,0.0001,0.0001,0.3865,1.6111,0.4301,0.8315
pic.0401.jpg,0.0027,0.3616,0.9740,0.0007,0.0002,0.4546,2.1176,0.3348,0.7001
pic.1079.jpg,0.0004,0.4250,0.4253,0.0000,0.0000,0.8013,1.1429,0.4888,0.9163
pic.0367.jpg,0.0000,0.0000,0.0000,0.0000,0.0000,0.0000,0.0000,0.0000,0.0000
pic.0373.jpg,0.0000,0.0000,0.0000,0.0000,0.0000,0.0000,0.0000,0.0000,0.0000
pic.0415.jpg,0.0000,0.0000,0.0000,0.0000,0.0000,0.0000,0.0000,0.0000,0.0000
pic.1045.jpg,0.0000,0.0000,0.0000,0.0000,0.0000,0.0000,0.0000,0.0000,0.0000
pic.1051.jpg,0.4772,0.2656,0.5060,0.0222,0.0767,0.2416,1.4262,0.8863,0.9880
pic.0429.jpg,0.0000,0.0000,0.0000,0.0000,0.0000,0.0000,0.0000,0.0000,0.0000
pic.0818.jpg,0.0000,0.0000,0.0000,0.0000,0.0000,0.0000,0.0000,0.0000,0.0000
pic.0824.jpg,0.0000,0.0000,0.0000,0.0000,0.0000,0.0000,0.0000,0.0000,0.0000
pic.0830.jpg,0.0000,0.0000,0.0000,0.0000,0.0000,0.0000,0.0000,0.0000,0.0000
pic.0165.jpg,0.0155,0.3512,0.1723,0.0006,0.0090,0.7254,2.7188,0.4454,0.6855
pic.0603.jpg,0.0612,0.3467,0.2791,0.0069,0.0059,0.1461,1.4286,0.6335,0.8167
pic.0617.jpg,0.0000,0.0000,0.0000,0.0000,0.0000,0.0000,0.0000,0.0000,0.0000
pic.0171.jpg,0.0013,0.2414,0.6051,0.0001,0.0003,0.4516,1.4762,0.6091,0.8890
pic.0159.jpg,0.0000,0.0000,0.0000,0.0000,0.0000,0.0000,0.0000,0.0000,0.0000
pic.0978.jpg,0.0000,0.0000,0.0000,0.0000,0.0000,0.0000,0.0000,0.0000,0.0000
pic.0950.jpg,0.0058,0.9002,0.8343,0.0024,0.0003,0.4139,2.9744,0.4198,0.6276
pic.0788.jpg,0.0000,0.0000,0.0000,0.0000,0.0000,0.0000,0.0000,0.0000,0.0000
pic.0944.jpg,0.0000,0.0000,0.0000,0.0000,0.0000,0.0000,0.0000,0.0000,0.0000
pic.0011.jpg,0.0014,0.5409,0.4922,0.0001,0.0003,0.4548,1.2593,0.4624,0.7818
pic.0777.jpg,0.0452,0.0832,0.5208,0.0021,0.0085,0.2457,1.8435,0.6023,0.7753
pic.0763.jpg,0.0000,0.0000,0.0000,0.0000,0.0000,0.0000,0.0000,0.0000,0.0000
pic.0005.jpg,0.0000,0.0000,0.0000,0.0000,0.0000,0.0000,0.0000,0.0000,0.0000
pic.0993.jpg,0.0000,0.0000,0.0000,0.0000,0.0000,0.0000,0.0000,0.0000,0.0000
pic.0987.jpg,0.0062,0.9176,0.5930,0.0027,0.0002,0.7495,3.6471,0.4475,0.8793
pic.0039.jpg,0.7568,0.5177,0.5134,0.0795,0.0928,0.0912,1.2500,0.8975,0.9827
pic.0575.jpg,0.0130,0.7334,0.2809,0.0007,0.0018,0.2587,1.0833,0.7322,0.8827
pic.0213.jpg,0.0000,0.0000,0.0000,0.0000,0.0000,0.0000,0.0000,0.0000,0.0000
pic.0207.jpg,0.0003,0.5131,0.7559,0.0000,0.0000,0.1495,1.0909,0.6023,0.9578
pic.0561.jpg,0.0000,0.0000,0.0000,0.0000,0.0000,0.0000,0.0000,0.0000,0.0000
pic.0549.jpg,0.0033,0.0513,0.6281,0.0010,0.0002,0.1265,1.8919,0.4560,0.6684
pic.0548.jpg,0.0000,0.0000,0.0000,0.0000,0.0000,0.0000,0.0000,0.0000,0.0000
pic.0206.jpg,0.0005,0.5420,0.3959,0.0000,0.0001,0.1472,1.1333,0.5373,0.9448
pic.0560.jpg,0.0000,0.0000,0.0000,0.0000,0.0000,0.0000,0.0000,0.0000,0.0000
pic.0574.jpg,0.0000,0.0000,0.0000,0.0000,0.0000,0.0000,0.0000,0.0000,0.0000
pic.0212.jpg,0.0000,0.0000,0.0000,0.0000,0.0000,0.0000,0.0000,0.0000,0.0000
pic.0986.jpg,0.0012,0.5630,0.4351,0.0000,0.0002,0.4899,1.6667,0.6611,0.9358
pic.0038.jpg,0.0475,0.1410,0.8441,0.0080,0.0038,0.1455,1.1779,0.4855,0.5965
pic.0992.jpg,0.0000,0.0000,0.0000,0.0000,0.0000,0.0000,0.0000,0.0000,0.0000
pic.0762.jpg,0.0007,0.2249,0.1657,0.0002,0.0000,0.1142,3.2000,0.6156,0.8140
pic.0004.jpg,0.0003,0.5707,0.6363,0.0000,0.0000,0.4720,1.1667,0.5268,0.9077
pic.0010.jpg,0.0000,0.0000,0.0000,0.0000,0.0000,0.0000,0.0000,0.0000,0.0000
pic.0776.jpg,0.0001,0.1898,0.2246,0.0000,0.0000,0.0953,1.1429,0.5357,0.9375
pic.0945.jpg,0.0000,0.0000,0.0000,0.0000,0.0000,0.0000,0.0000,0.0000,0.0000
pic.0789.jpg,0.0000,0.0000,0.0000,0.0000,0.0000,0.0000,0.0000,0.0000,0.0000
pic.0951.jpg,0.0002,0.1326,0.5696,0.0000,0.0000,0.7720,1.1250,0.5764,0.9540
pic.0979.jpg,0.0000,0.0000,0.0000,0.0000,0.0000,0.0000,0.0000,0.0000,0.0000
pic.0158.jpg,0.0004,0.5507,0.5699,0.0000,0.0001,0.8246,1.3636,0.6485,0.9554
pic.0616.jpg,0.0010,0.7843,0.2921,0.0000,0.0005,0.7102,3.0000,0.4702,0.6647
pic.0170.jpg,0.0001,0.4719,0.1953,0.0000,0.0000,0.3569,1.0000,0.4898,0.9231
pic.0164.jpg,0.0000,0.0000,0.0000,0.0000,0.0000,0.0000,0.0000,0.0000,0.0000
pic.0602.jpg,0.0096,0.5689,0.1016,0.0003,0.0048,0.1728,2.8542,0.4554,0.7956
pic.0831.jpg,0.0000,0.0000,0.0000,0.0000,0.0000,0.0000,0.0000,0.0000,0.0000
pic.0825.jpg,0.0000,0.0000,0.0000,0.0000,0.0000,0.0000,0.0000,0.0000,0.0000
pic.0819.jpg,0.0000,0.0000,0.0000,0.0000,0.0000,0.0000,0.0000,0.0000,0.0000
pic.1050.jpg,0.0044,0.6071,0.9491,0.0027,0.0001,0.5801,5.9000,0.5530,0.8339
pic.0428.jpg,0.0000,0.0000,0.0000,0.0000,0.0000,0.0000,0.0000,0.0000,0.0000
pic.1044.jpg,0.0000,0.0000,0.0000,0.0000,0.0000,0.0000,0.0000,0.0000,0.0000
pic.0372.jpg,0.0002,0.9672,0.6316,0.0000,0.0000,0.7700,1.1000,0.5273,0.9355
pic.0414.jpg,0.0000,0.0000,0.0000,0.0000,0.0000,0.0000,0.0000,0.0000,0.0000
pic.0400.jpg,0.0015,0.4335,0.4990,0.0003,0.0001,0.0141,1.6538,0.3989,0.7703
pic.0366.jpg,0.0000,0.0000,0.0000,0.0000,0.0000,0.0000,0.0000,0.0000,0.0000
pic.1078.jpg,0.0000,0.0000,0.0000,0.0000,0.0000,0.0000,0.0000,0.0000,0.0000
pic.1093.jpg,0.0001,0.4297,0.9854,0.0000,0.0000,0.7245,1.1429,0.5357,0.9375
pic.1087.jpg,0.0014,0.4062,0.0728,0.0001,0.0001,0.6034,1.2000,0.5407,0.8711
pic.0399.jpg,0.0057,0.7065,0.6899,0.0005,0.0005,0.4759,1.1852,0.5190,0.8103
